date,strategy,baseline
2021-10-04,0.9818,0.98176
2021-10-05,0.99547,0.99521
2021-10-06,1.00401,1.00365
2021-10-07,1.01009,1.00945
2021-10-08,1.00633,1.00599
2021-10-11,1.00101,1.00031
2021-10-12,0.9989,0.9977
2021-10-13,1.00518,1.00397
2021-10-14,1.01946,1.01896
2021-10-15,1.02661,1.02528
2021-10-18,1.03811,1.03547
2021-10-19,1.04203,1.0398
2021-10-20,1.03713,1.03449
2021-10-21,1.0445,1.04037
2021-10-22,1.03237,1.02621
2021-10-25,1.05259,1.04138
2021-10-26,1.04818,1.03688
2021-10-27,1.05134,1.03979
2021-10-28,1.06219,1.04995
2021-10-29,1.06863,1.05521
2021-11-01,1.08092,1.06438
2021-11-02,1.08079,1.06488
2021-11-03,1.09331,1.0761
2021-11-04,1.10423,1.08608
2021-11-05,1.10836,1.09105
2021-11-08,1.11218,1.09492
2021-11-09,1.09463,1.07849
2021-11-10,1.08033,1.06455
2021-11-11,1.08052,1.06454
2021-11-12,1.0922,1.07611
2021-11-15,1.09648,1.08025
2021-11-16,1.10365,1.08721
2021-11-17,1.10249,1.08607
2021-11-18,1.10551,1.08836
2021-11-19,1.10297,1.08534
2021-11-22,1.09309,1.07611
2021-11-23,1.08328,1.06694
2021-11-24,1.09125,1.07397
2021-11-26,1.06778,1.05107
2021-11-29,1.08885,1.07094
2021-11-30,1.07074,1.05197
2021-12-01,1.03763,1.01978
2021-12-02,1.05144,1.03487
2021-12-03,1.03313,1.01825
2021-12-06,1.04681,1.03223
2021-12-07,1.07362,1.05808
2021-12-08,1.08041,1.06451
2021-12-09,1.06079,1.04631
2021-12-10,1.06999,1.05581
2021-12-13,1.05494,1.04225
2021-12-14,1.04547,1.03223
2021-12-15,1.06897,1.055
2021-12-16,1.04365,1.03117
2021-12-17,1.03968,1.02694
2021-12-20,1.02538,1.01307
2021-12-21,1.05265,1.03971
2021-12-22,1.06552,1.05233
2021-12-23,1.07563,1.06166
2021-12-27,1.09164,1.07653
2021-12-28,1.09015,1.07515
2021-12-29,1.08546,1.07087
2021-12-30,1.08178,1.06759
2021-12-31,1.07276,1.05911
2022-01-03,1.10006,1.08306
2022-01-04,1.08642,1.07123
2022-01-05,1.05421,1.04043
2022-01-06,1.05269,1.03914
2022-01-07,1.04258,1.02962
2022-01-10,1.04093,1.02753
2022-01-11,1.05827,1.04463
2022-01-12,1.06285,1.04854
2022-01-13,1.03723,1.02467
2022-01-14,1.04397,1.0308
2022-01-18,1.02218,1.00927
2022-01-19,1.01045,0.99879
2022-01-20,0.99504,0.98351
2022-01-21,0.94945,0.94105
2022-01-24,0.94759,0.93989
2022-01-25,0.92626,0.9181
2022-01-26,0.92279,0.91474
2022-01-27,0.90907,0.90454
2022-01-28,0.93102,0.92661
2022-01-31,0.97358,0.96775
2022-02-01,0.98597,0.98045
2022-02-02,0.97405,0.96887
2022-02-03,0.92884,0.92464
2022-02-04,0.94588,0.94144
2022-02-07,0.93756,0.93229
2022-02-08,0.94624,0.93966
2022-02-09,0.96355,0.95716
2022-02-10,0.94775,0.94177
2022-02-11,0.9138,0.90915
2022-02-14,0.91645,0.91132
2022-02-15,0.94015,0.93356
2022-02-16,0.93369,0.92711
2022-02-17,0.90728,0.90152
2022-02-18,0.89779,0.89166
2022-02-22,0.88353,0.87741
2022-02-23,0.86107,0.85598
2022-02-24,0.89396,0.88849
2022-02-25,0.9116,0.90579
2022-02-28,0.92078,0.91423
2022-03-01,0.89974,0.89426
2022-03-02,0.91295,0.90664
2022-03-03,0.89137,0.88579
2022-03-04,0.87702,0.87143
2022-03-07,0.84354,0.83749
2022-03-08,0.84234,0.83568
2022-03-09,0.87152,0.86439
2022-03-10,0.86273,0.85626
2022-03-11,0.84431,0.83857
2022-03-14,0.82962,0.82497
2022-03-15,0.85719,0.85191
2022-03-16,0.89027,0.88428
2022-03-17,0.90344,0.89758
2022-03-18,0.92436,0.91806
2022-03-21,0.91853,0.91159
2022-03-22,0.93896,0.9311
2022-03-23,0.92764,0.91932
2022-03-24,0.94663,0.93786
2022-03-25,0.94535,0.93671
2022-03-28,0.96005,0.95006
2022-03-29,0.97889,0.96872
2022-03-30,0.96721,0.95806
2022-03-31,0.94395,0.93649
2022-04-01,0.94426,0.93679
2022-04-04,0.96841,0.95952
2022-04-05,0.94477,0.93669
2022-04-06,0.92048,0.91347
2022-04-07,0.92195,0.91515
2022-04-08,0.9085,0.90252
2022-04-11,0.88815,0.88339
2022-04-12,0.88478,0.88038
2022-04-13,0.8986,0.89353
2022-04-14,0.87757,0.87314
2022-04-18,0.87609,0.87151
2022-04-19,0.89843,0.89382
2022-04-20,0.85657,0.85232
2022-04-21,0.83622,0.83142
2022-04-22,0.81605,0.81109
2022-04-25,0.82455,0.81908
2022-04-26,0.78801,0.78359
2022-04-27,0.78175,0.77607
2022-04-28,0.81614,0.81107
2022-04-29,0.77868,0.7736
2022-05-02,0.79502,0.78957
2022-05-03,0.79807,0.79265
2022-05-04,0.82802,0.82099
2022-05-05,0.78275,0.77612
2022-05-06,0.77384,0.76566
2022-05-09,0.73926,0.7327
2022-05-10,0.74731,0.7405
2022-05-11,0.72369,0.71582
2022-05-12,0.71925,0.71236
2022-05-13,0.7495,0.74223
2022-05-16,0.73886,0.73228
2022-05-17,0.76074,0.75272
2022-05-18,0.71734,0.70951
2022-05-19,0.71656,0.70923
2022-05-20,0.70877,0.70314
2022-05-23,0.72274,0.71675
2022-05-24,0.70209,0.69614
2022-05-25,0.71319,0.70781
2022-05-26,0.73669,0.73056
2022-05-27,0.76063,0.75407
2022-05-31,0.75885,0.7533
2022-06-01,0.7571,0.75097
2022-06-02,0.79,0.78353
2022-06-03,0.76695,0.76127
2022-06-06,0.76848,0.76302
2022-06-07,0.7731,0.76793
2022-06-08,0.76678,0.76275
2022-06-09,0.74419,0.74041
2022-06-10,0.71549,0.71203
2022-06-13,0.67712,0.67442
2022-06-14,0.67786,0.6748
2022-06-15,0.70218,0.69917
2022-06-16,0.67383,0.67199
2022-06-17,0.68106,0.679
2022-06-21,0.69338,0.69052
2022-06-22,0.69478,0.69234
2022-06-23,0.70247,0.70029
2022-06-24,0.73327,0.73114
2022-06-27,0.72494,0.72299
2022-06-28,0.69828,0.69708
2022-06-29,0.69748,0.69626
2022-06-30,0.68763,0.68653
2022-07-01,0.69392,0.69312
2022-07-05,0.70735,0.70702
2022-07-06,0.70851,0.70808
2022-07-07,0.7254,0.72468
2022-07-08,0.72437,0.72329
2022-07-11,0.70526,0.7041
2022-07-12,0.70152,0.70046
2022-07-13,0.70048,0.69948
2022-07-14,0.7016,0.7003
2022-07-15,0.72046,0.71976
2022-07-18,0.71858,0.71805
2022-07-19,0.74506,0.7446
2022-07-20,0.76274,0.76253
2022-07-21,0.7772,0.77664
2022-07-22,0.7611,0.75988
2022-07-25,0.75648,0.75517
2022-07-26,0.73629,0.73551
2022-07-27,0.77292,0.77176
2022-07-28,0.7789,0.77711
2022-07-29,0.78945,0.78771
2022-08-01,0.79604,0.79439
2022-08-02,0.79218,0.78983
2022-08-03,0.81438,0.81249
2022-08-04,0.81926,0.81672
2022-08-05,0.8074,0.80584
2022-08-08,0.80902,0.80817
2022-08-09,0.79708,0.79675
2022-08-10,0.82336,0.82312
2022-08-11,0.81948,0.81973
2022-08-12,0.83714,0.83697
2022-08-15,0.84372,0.84339
2022-08-16,0.84347,0.8432
2022-08-17,0.83253,0.83252
2022-08-18,0.83631,0.83646
2022-08-19,0.81694,0.81722
2022-08-22,0.79193,0.79209
2022-08-23,0.79099,0.79092
2022-08-24,0.7962,0.79651
2022-08-25,0.81072,0.81067
2022-08-26,0.77794,0.77795
2022-08-29,0.77039,0.7706
2022-08-30,0.76025,0.76068
2022-08-31,0.75689,0.75759
2022-09-01,0.75631,0.75721
2022-09-02,0.7442,0.74526
2022-09-06,0.73805,0.73875
2022-09-07,0.75459,0.75504
2022-09-08,0.75927,0.75969
2022-09-09,0.77606,0.7764
2022-09-12,0.78428,0.78429
2022-09-13,0.73815,0.7379
2022-09-14,0.74592,0.74508
2022-09-15,0.73883,0.7379
2022-09-16,0.73268,0.73136
2022-09-19,0.73959,0.73797
2022-09-20,0.73184,0.72991
2022-09-21,0.71824,0.71655
2022-09-22,0.70814,0.70659
2022-09-23,0.68977,0.68852
2022-09-26,0.68427,0.68234
2022-09-27,0.68422,0.68207
2022-09-28,0.70382,0.70218
2022-09-29,0.68068,0.67926
