ticker,score,weight,equal_weight,as_of
AAPL,0.0291,0.0694,0.0667,2026-10-02
MSFT,0.105,0.084,0.0667,2026-10-02
AMD,-0.0,0.0638,0.0667,2026-10-02
INTC,0.1519,0.0929,0.0667,2026-10-02
GOOG,0.0,0.0638,0.0667,2026-10-02
META,-0.0678,0.0509,0.0667,2026-10-02
NFLX,0.0,0.0638,0.0667,2026-10-02
DIS,-0.4242,0.02,0.0667,2026-10-02
AMZN,-0.0,0.0638,0.0667,2026-10-02
TSLA,-0.0,0.0638,0.0667,2026-10-02
CRM,0.0,0.0638,0.0667,2026-10-02
KO,0.1128,0.0855,0.0667,2026-10-02
COST,-0.0,0.0638,0.0667,2026-10-02
BA,0.0,0.0638,0.0667,2026-10-02
PYPL,0.119,0.0866,0.0667,2026-10-02
