date,AAPL,MSFT,AMD,INTC,GOOG,META,NFLX,DIS,AMZN,TSLA,CRM,KO,COST,BA,PYPL
2021-09-30,0.0864,0.0594,0.0823,0.0594,0.0594,0.0596,0.085,0.0596,0.0772,0.0746,0.0594,0.0594,0.0594,0.0594,0.0594
2021-10-01,0.0816,0.0603,0.0783,0.0599,0.0576,0.0621,0.0831,0.06,0.0799,0.0775,0.0599,0.0599,0.0599,0.0599,0.0599
2021-10-04,0.0822,0.0607,0.079,0.0606,0.0602,0.0506,0.0794,0.0605,0.0745,0.0843,0.0607,0.0606,0.0606,0.0634,0.0626
2021-10-05,0.0712,0.0611,0.0757,0.0609,0.0606,0.0439,0.0816,0.0609,0.08,0.0894,0.061,0.061,0.0609,0.0632,0.0683
2021-10-06,0.074,0.0656,0.0719,0.0603,0.06,0.0499,0.0854,0.0603,0.0717,0.0879,0.0604,0.0603,0.0603,0.0658,0.0662
2021-10-07,0.0716,0.0649,0.0671,0.0606,0.0605,0.0534,0.0808,0.0681,0.0667,0.0927,0.0607,0.0607,0.062,0.065,0.0653
2021-10-08,0.0734,0.0646,0.0683,0.0611,0.061,0.0554,0.0773,0.0671,0.066,0.0919,0.0611,0.0611,0.0622,0.0646,0.0648
2021-10-11,0.0701,0.0633,0.0699,0.0605,0.0606,0.0525,0.0784,0.0652,0.0686,0.0902,0.0613,0.0605,0.0614,0.0727,0.0648
2021-10-12,0.0725,0.0624,0.0677,0.0602,0.0604,0.0607,0.0746,0.064,0.0695,0.0922,0.0609,0.0604,0.061,0.0699,0.0636
2021-10-13,0.053,0.0687,0.0703,0.0602,0.0625,0.0662,0.0775,0.0631,0.0715,0.0902,0.0607,0.0603,0.0607,0.0721,0.0629
2021-10-14,0.0561,0.0668,0.0707,0.06,0.0618,0.0649,0.0737,0.0623,0.0746,0.0965,0.0606,0.06,0.0604,0.0695,0.062
2021-10-15,0.0613,0.0646,0.0689,0.0593,0.0607,0.0694,0.073,0.0613,0.0742,0.0986,0.0598,0.0594,0.0596,0.0698,0.0601
2021-10-18,0.0659,0.0684,0.0712,0.0598,0.0614,0.0763,0.0691,0.0557,0.0732,0.0976,0.0604,0.06,0.0605,0.0643,0.0563
2021-10-19,0.0733,0.0701,0.0718,0.059,0.0623,0.0727,0.0713,0.0557,0.0733,0.0937,0.0594,0.0592,0.0595,0.0625,0.0562
2021-10-20,0.0783,0.0689,0.0696,0.0578,0.0604,0.0691,0.0739,0.0553,0.0695,0.0892,0.0581,0.0628,0.0636,0.0639,0.0596
2021-10-21,0.0748,0.068,0.0695,0.0591,0.0604,0.0624,0.0721,0.057,0.0645,0.0967,0.0593,0.0689,0.0638,0.064,0.0594
2021-10-22,0.068,0.0637,0.0707,0.0627,0.0559,0.0595,0.0723,0.0585,0.0589,0.107,0.0617,0.0697,0.0655,0.0655,0.0604
2021-10-25,0.0678,0.0637,0.0694,0.0605,0.0562,0.0609,0.0693,0.0674,0.0618,0.1051,0.065,0.0673,0.0638,0.0642,0.0575
2021-10-26,0.0649,0.0625,0.0733,0.06,0.0568,0.0671,0.0669,0.0656,0.0626,0.1021,0.0635,0.0654,0.0625,0.0691,0.0576
2021-10-27,0.0657,0.0597,0.0865,0.0635,0.0648,0.065,0.0695,0.0621,0.0642,0.096,0.0605,0.0619,0.0597,0.0648,0.056
2021-10-28,0.0648,0.0592,0.0853,0.0622,0.0668,0.0683,0.0736,0.0612,0.0656,0.0963,0.0599,0.061,0.0593,0.0633,0.0534
2021-10-29,0.0655,0.0604,0.0833,0.0607,0.0669,0.0721,0.0781,0.0599,0.0604,0.0947,0.0588,0.0597,0.0583,0.0615,0.0597
2021-11-01,0.0691,0.0654,0.0767,0.0589,0.0728,0.0715,0.0778,0.0611,0.0643,0.0918,0.0574,0.0581,0.0571,0.0595,0.0583
2021-11-02,0.0683,0.0649,0.0789,0.0593,0.0703,0.0711,0.0738,0.0605,0.0683,0.0898,0.0581,0.0587,0.0579,0.0608,0.0593
2021-11-03,0.0716,0.0634,0.0813,0.059,0.0677,0.0721,0.0706,0.06,0.0661,0.0878,0.058,0.0585,0.0638,0.0603,0.0597
2021-11-04,0.0658,0.0639,0.0842,0.0604,0.0615,0.0714,0.0698,0.0621,0.065,0.0896,0.0595,0.06,0.0643,0.0615,0.061
2021-11-05,0.0704,0.0655,0.0774,0.0639,0.068,0.0733,0.0702,0.0597,0.0675,0.0882,0.0578,0.0581,0.0617,0.0594,0.059
2021-11-08,0.0699,0.0728,0.077,0.0669,0.0661,0.0732,0.0735,0.0617,0.0709,0.0801,0.0539,0.0542,0.057,0.0653,0.0575
2021-11-09,0.0719,0.0693,0.0743,0.0699,0.0639,0.0742,0.0699,0.0604,0.0746,0.077,0.0542,0.0548,0.0566,0.0672,0.0619
2021-11-10,0.072,0.0708,0.0705,0.0685,0.0636,0.072,0.0649,0.0607,0.0756,0.0756,0.0557,0.0562,0.0576,0.0663,0.0702
2021-11-11,0.0696,0.0686,0.0686,0.0668,0.0628,0.0689,0.0702,0.0649,0.0773,0.0775,0.0564,0.0568,0.058,0.0657,0.068
2021-11-12,0.0752,0.066,0.0703,0.0645,0.0614,0.0726,0.0673,0.063,0.0755,0.0762,0.0563,0.0566,0.0576,0.0677,0.0699
2021-11-15,0.0752,0.0659,0.0691,0.0625,0.0615,0.0749,0.0714,0.0613,0.0721,0.0737,0.056,0.0563,0.0571,0.0722,0.0708
2021-11-16,0.0753,0.0658,0.0698,0.061,0.0623,0.0726,0.0681,0.0685,0.0733,0.0718,0.0559,0.0561,0.0567,0.0688,0.074
2021-11-17,0.0811,0.0647,0.0741,0.0607,0.0618,0.0701,0.0689,0.0648,0.0661,0.0779,0.0566,0.0568,0.0573,0.0671,0.0718
2021-11-18,0.079,0.0672,0.0731,0.0586,0.0594,0.0735,0.07,0.062,0.0715,0.075,0.0609,0.0555,0.0559,0.0686,0.0697
2021-11-19,0.0804,0.0644,0.0701,0.0576,0.0647,0.0694,0.0724,0.0603,0.0797,0.0796,0.0594,0.0552,0.0555,0.0673,0.0641
2021-11-22,0.082,0.0648,0.0781,0.0611,0.062,0.0696,0.0714,0.0551,0.0773,0.0776,0.0618,0.0543,0.0546,0.0689,0.0614
2021-11-23,0.0831,0.0631,0.079,0.0652,0.0605,0.0665,0.0683,0.055,0.0777,0.0772,0.0606,0.0544,0.0547,0.0684,0.0661
2021-11-24,0.0844,0.0626,0.0765,0.064,0.0602,0.0683,0.0691,0.0571,0.0776,0.0747,0.0602,0.0553,0.0554,0.0665,0.068
2021-11-26,0.0855,0.0621,0.0791,0.0634,0.0604,0.0712,0.0682,0.0522,0.0746,0.0764,0.0604,0.0564,0.0608,0.0622,0.0671
2021-11-29,0.0816,0.0572,0.0785,0.0633,0.0659,0.0683,0.0672,0.0571,0.0823,0.0796,0.062,0.0576,0.0612,0.0566,0.0617
2021-11-30,0.0793,0.0615,0.0767,0.0645,0.0627,0.0645,0.0685,0.0559,0.0901,0.0802,0.0654,0.0563,0.0591,0.0555,0.0598
2021-12-01,0.0792,0.0652,0.073,0.0633,0.0618,0.0621,0.0665,0.0564,0.0852,0.0804,0.064,0.0567,0.059,0.0561,0.0712
2021-12-02,0.0719,0.0648,0.0711,0.0667,0.0623,0.0627,0.0659,0.0577,0.0869,0.0829,0.0638,0.0579,0.0597,0.058,0.0675
2021-12-03,0.0753,0.0699,0.0643,0.0646,0.0614,0.0631,0.0698,0.0611,0.0887,0.0781,0.0623,0.0576,0.057,0.0593,0.0674
2021-12-06,0.0732,0.0723,0.0646,0.065,0.0599,0.0649,0.0697,0.0631,0.0861,0.0783,0.0606,0.0572,0.0567,0.0635,0.0647
2021-12-07,0.0803,0.0719,0.0666,0.0735,0.0538,0.0652,0.0663,0.0612,0.0823,0.0781,0.0591,0.0564,0.0592,0.0614,0.0645
2021-12-08,0.0823,0.0666,0.0715,0.0678,0.0533,0.0623,0.0647,0.0607,0.0872,0.0807,0.0591,0.0571,0.0594,0.0585,0.0688
2021-12-09,0.0836,0.0654,0.0695,0.0665,0.0547,0.0643,0.0666,0.0607,0.0893,0.0761,0.0595,0.0577,0.0596,0.0589,0.0676
2021-12-10,0.0882,0.0622,0.0718,0.0672,0.0574,0.0623,0.0643,0.0637,0.0838,0.0783,0.0562,0.06,0.0615,0.061,0.0619
2021-12-13,0.0897,0.0617,0.0701,0.0658,0.059,0.0663,0.0609,0.0656,0.0888,0.0758,0.0562,0.0633,0.0594,0.0584,0.0591
2021-12-14,0.0928,0.0616,0.0655,0.0649,0.0613,0.0725,0.0555,0.069,0.0843,0.074,0.0572,0.0629,0.0602,0.0589,0.0595
2021-12-15,0.0882,0.0599,0.0737,0.0623,0.0596,0.0707,0.0588,0.0686,0.0877,0.0716,0.0563,0.0616,0.0622,0.0607,0.0582
2021-12-16,0.09,0.06,0.0755,0.0619,0.0598,0.0699,0.0601,0.067,0.0841,0.0727,0.0571,0.0607,0.0618,0.0607,0.0587
2021-12-17,0.0936,0.0631,0.0768,0.0611,0.0578,0.0719,0.0598,0.0651,0.0811,0.0714,0.0572,0.0574,0.0665,0.0587,0.0585
2021-12-20,0.0859,0.0634,0.0748,0.0618,0.0533,0.0705,0.0606,0.0687,0.0788,0.0721,0.0586,0.0621,0.0662,0.0601,0.063
2021-12-21,0.0798,0.0624,0.0751,0.0612,0.0571,0.0766,0.0602,0.0666,0.0778,0.074,0.0586,0.0614,0.0647,0.0625,0.0619
2021-12-22,0.0845,0.067,0.0742,0.0602,0.0571,0.0724,0.0652,0.0646,0.071,0.0767,0.0615,0.0604,0.063,0.0613,0.0609
2021-12-23,0.0818,0.066,0.0762,0.0598,0.0578,0.0703,0.0649,0.0634,0.069,0.081,0.0608,0.0599,0.0594,0.0606,0.069
2021-12-27,0.0832,0.068,0.0752,0.0571,0.0555,0.0746,0.0646,0.0699,0.0691,0.0793,0.0578,0.0572,0.0569,0.0622,0.0692
2021-12-28,0.0753,0.0667,0.0722,0.0609,0.0564,0.0736,0.0635,0.0728,0.0683,0.0859,0.0584,0.0576,0.0574,0.0616,0.0694
2021-12-29,0.0709,0.065,0.0725,0.0603,0.0617,0.0721,0.063,0.0706,0.0725,0.0854,0.0583,0.0577,0.0623,0.0608,0.0669
2021-12-30,0.0714,0.0644,0.0733,0.0606,0.0593,0.0701,0.0628,0.0711,0.0708,0.0844,0.0591,0.0585,0.0622,0.061,0.0711
2021-12-31,0.0812,0.0631,0.0725,0.0601,0.0593,0.0716,0.0618,0.0684,0.0683,0.0852,0.0594,0.0584,0.0613,0.0604,0.069
2022-01-03,0.0821,0.0669,0.071,0.0609,0.0605,0.0709,0.0619,0.0654,0.0693,0.0835,0.0632,0.0536,0.0601,0.059,0.0717
2022-01-04,0.0832,0.0638,0.0719,0.059,0.0597,0.0667,0.0599,0.0673,0.078,0.0847,0.0611,0.0533,0.0584,0.0604,0.0724
2022-01-05,0.0757,0.0635,0.0731,0.0594,0.0601,0.066,0.0605,0.0731,0.0777,0.086,0.056,0.0549,0.0591,0.0607,0.0741
2022-01-06,0.0783,0.0634,0.0664,0.0599,0.0605,0.0781,0.0609,0.0744,0.0688,0.0891,0.0572,0.0563,0.0598,0.0611,0.0657
2022-01-07,0.0775,0.063,0.0715,0.0601,0.0606,0.075,0.0608,0.0718,0.0653,0.0884,0.0579,0.057,0.0599,0.0649,0.0664
2022-01-10,0.0784,0.0624,0.0708,0.0631,0.0563,0.0789,0.0621,0.0711,0.0686,0.0885,0.0496,0.0591,0.0618,0.0655,0.0639
2022-01-11,0.0799,0.0601,0.0743,0.0604,0.055,0.0788,0.0614,0.0675,0.0722,0.0934,0.0501,0.0575,0.0612,0.0625,0.0658
2022-01-12,0.0823,0.0628,0.074,0.0558,0.0546,0.0735,0.0615,0.0644,0.0742,0.094,0.0556,0.0565,0.0594,0.0684,0.0632
2022-01-13,0.078,0.0624,0.0715,0.0569,0.0558,0.0716,0.0613,0.0654,0.0774,0.0872,0.0566,0.0574,0.0597,0.0754,0.0631
2022-01-14,0.0769,0.0623,0.0705,0.0578,0.0579,0.0698,0.0616,0.0647,0.0808,0.0844,0.0576,0.0585,0.0601,0.0729,0.0643
2022-01-18,0.0766,0.0623,0.0696,0.0585,0.0587,0.0633,0.0632,0.0641,0.0792,0.0851,0.0617,0.0603,0.0623,0.0696,0.0654
2022-01-19,0.0764,0.0577,0.0687,0.0598,0.0534,0.0656,0.0733,0.067,0.0749,0.0883,0.0623,0.0612,0.0628,0.0664,0.0624
2022-01-20,0.0664,0.0592,0.0741,0.0609,0.0557,0.0655,0.0752,0.0678,0.0681,0.0893,0.0629,0.062,0.0633,0.0665,0.063
2022-01-21,0.0795,0.0603,0.0783,0.0618,0.0625,0.0655,0.0656,0.0642,0.0596,0.0808,0.0633,0.0626,0.0636,0.0662,0.0663
2022-01-24,0.0786,0.0548,0.0731,0.0672,0.0652,0.065,0.0568,0.0724,0.0573,0.0823,0.0649,0.0643,0.0644,0.0696,0.0641
2022-01-25,0.0727,0.0521,0.076,0.0657,0.0645,0.0681,0.0601,0.0734,0.0579,0.0837,0.064,0.0635,0.0687,0.0676,0.062
2022-01-26,0.0792,0.0592,0.0768,0.0708,0.0579,0.0662,0.0573,0.0705,0.0618,0.0828,0.0631,0.0627,0.0668,0.063,0.0617
2022-01-27,0.0742,0.0589,0.0771,0.0776,0.0541,0.0646,0.0652,0.0687,0.0581,0.0861,0.0628,0.0625,0.0654,0.0627,0.0619
2022-01-28,0.0841,0.0592,0.0721,0.074,0.0554,0.0673,0.0643,0.0691,0.059,0.0831,0.0623,0.062,0.0644,0.0622,0.0616
2022-01-31,0.0877,0.0584,0.0743,0.0698,0.0563,0.0675,0.067,0.0703,0.0611,0.0824,0.061,0.0606,0.0624,0.0607,0.0604
2022-02-01,0.0812,0.0545,0.0741,0.0676,0.0571,0.0689,0.0634,0.068,0.0714,0.0856,0.0607,0.0603,0.0618,0.0605,0.0648
2022-02-02,0.0759,0.0587,0.0847,0.0689,0.0646,0.0704,0.0648,0.0633,0.068,0.0796,0.0609,0.0576,0.0637,0.0577,0.061
2022-02-03,0.0731,0.0624,0.0929,0.0703,0.0652,0.0604,0.0636,0.0638,0.0626,0.0773,0.0635,0.0608,0.0661,0.0649,0.0531
2022-02-04,0.0732,0.068,0.0788,0.068,0.063,0.0535,0.0684,0.0687,0.0749,0.0828,0.0626,0.0605,0.0646,0.0634,0.0497
2022-02-07,0.0692,0.0743,0.0805,0.0652,0.0632,0.0532,0.064,0.0752,0.0791,0.0793,0.061,0.0595,0.0627,0.0622,0.0514
2022-02-08,0.0753,0.0786,0.0826,0.0637,0.0624,0.0532,0.0682,0.0717,0.0771,0.0774,0.0606,0.0591,0.0616,0.0664,0.0422
2022-02-09,0.076,0.0705,0.082,0.063,0.0706,0.0605,0.0666,0.0719,0.0776,0.0785,0.0605,0.0594,0.0575,0.0652,0.0402
2022-02-10,0.0732,0.0639,0.0813,0.0632,0.0649,0.0654,0.0627,0.0809,0.0689,0.0802,0.0612,0.0603,0.0587,0.065,0.0502
2022-02-11,0.0734,0.0649,0.0802,0.0644,0.0629,0.0614,0.0625,0.0733,0.0648,0.0827,0.0628,0.062,0.0608,0.0658,0.0582
2022-02-14,0.0767,0.0719,0.0822,0.0634,0.0582,0.0558,0.0635,0.07,0.0708,0.0839,0.064,0.0611,0.0601,0.0638,0.0546
2022-02-15,0.0735,0.0688,0.0871,0.0626,0.0579,0.0593,0.0624,0.0679,0.0658,0.0834,0.0682,0.0627,0.0633,0.0626,0.0543
2022-02-16,0.064,0.0689,0.0845,0.0639,0.06,0.0665,0.0637,0.0647,0.0681,0.0825,0.0684,0.0639,0.0644,0.0638,0.0526
2022-02-17,0.0668,0.0735,0.0798,0.0633,0.0601,0.0586,0.0694,0.0699,0.0747,0.0758,0.0669,0.0695,0.0636,0.0632,0.0449
2022-02-18,0.0674,0.0724,0.0783,0.0641,0.0634,0.052,0.0691,0.0694,0.0804,0.0735,0.067,0.069,0.0643,0.0641,0.0456
2022-02-22,0.0661,0.0675,0.0863,0.0666,0.0633,0.0499,0.059,0.0739,0.0747,0.0731,0.0702,0.0695,0.0657,0.067,0.047
2022-02-23,0.0689,0.0716,0.0826,0.0749,0.0633,0.0541,0.0546,0.0661,0.0783,0.0713,0.0675,0.0668,0.0638,0.0648,0.0515
2022-02-24,0.0637,0.0715,0.0878,0.0744,0.0648,0.0557,0.0481,0.0671,0.0684,0.0704,0.0682,0.0677,0.0653,0.0717,0.0551
2022-02-25,0.0649,0.0668,0.0965,0.0703,0.0631,0.051,0.05,0.0647,0.0643,0.0734,0.0656,0.0712,0.0694,0.0685,0.0601
2022-02-28,0.0701,0.0665,0.0908,0.0667,0.0619,0.0499,0.0575,0.0631,0.0719,0.0757,0.0596,0.0681,0.0681,0.066,0.0641
2022-03-01,0.0654,0.0647,0.0915,0.0668,0.0584,0.0486,0.0559,0.0586,0.0728,0.0804,0.0611,0.0679,0.0731,0.067,0.0678
2022-03-02,0.0675,0.0648,0.0836,0.0726,0.0598,0.0557,0.0577,0.06,0.0634,0.0833,0.0619,0.0706,0.0715,0.0603,0.0674
2022-03-03,0.0723,0.0696,0.0813,0.0699,0.0598,0.058,0.0584,0.059,0.0605,0.0803,0.0615,0.0683,0.069,0.066,0.066
2022-03-04,0.0736,0.0696,0.0795,0.0699,0.0631,0.0506,0.0606,0.0609,0.0583,0.0826,0.063,0.0686,0.0692,0.0668,0.0638
2022-03-07,0.0753,0.0673,0.0795,0.0706,0.0634,0.0545,0.0545,0.0634,0.0604,0.0818,0.0674,0.064,0.07,0.0684,0.0595
2022-03-08,0.0797,0.0726,0.0845,0.0698,0.0688,0.0478,0.0568,0.0684,0.0598,0.0849,0.0672,0.0491,0.0695,0.068,0.0531
2022-03-09,0.0757,0.0703,0.0844,0.0664,0.0696,0.053,0.0588,0.0653,0.0676,0.0854,0.0644,0.0506,0.0656,0.0693,0.0537
2022-03-10,0.0742,0.0662,0.0802,0.0633,0.0737,0.0573,0.0593,0.0573,0.0751,0.0878,0.0676,0.0513,0.0628,0.0657,0.0582
2022-03-11,0.0728,0.0685,0.0771,0.0629,0.0743,0.0639,0.0597,0.0533,0.0786,0.0832,0.0663,0.0533,0.0625,0.0648,0.0589
2022-03-14,0.0651,0.0693,0.0724,0.0645,0.0773,0.0622,0.063,0.0567,0.0789,0.0833,0.0673,0.0497,0.0642,0.0661,0.0599
2022-03-15,0.0601,0.0677,0.0722,0.0646,0.0766,0.0631,0.0643,0.0575,0.0826,0.084,0.0658,0.052,0.0649,0.0653,0.0594
2022-03-16,0.062,0.0668,0.0781,0.0647,0.0738,0.0612,0.0584,0.0586,0.0819,0.0858,0.0652,0.0542,0.0645,0.0648,0.0601
2022-03-17,0.0644,0.0665,0.076,0.064,0.0719,0.065,0.062,0.0592,0.0787,0.0836,0.0644,0.0558,0.0639,0.0641,0.0604
2022-03-18,0.0629,0.0648,0.0768,0.063,0.069,0.0688,0.0595,0.0591,0.0747,0.0866,0.0631,0.0564,0.0628,0.0649,0.0678
2022-03-21,0.0663,0.074,0.0796,0.061,0.0672,0.0648,0.0677,0.0569,0.081,0.0836,0.061,0.0558,0.0575,0.0533,0.0703
2022-03-22,0.067,0.07,0.0825,0.0598,0.0675,0.0683,0.0681,0.0528,0.0835,0.0849,0.0599,0.0558,0.0571,0.0513,0.0715
2022-03-23,0.0724,0.0675,0.0793,0.0595,0.0705,0.0738,0.0658,0.0539,0.0791,0.0839,0.0595,0.0563,0.0573,0.0527,0.0687
2022-03-24,0.0761,0.0652,0.0858,0.059,0.0677,0.0707,0.064,0.0545,0.0744,0.0855,0.0637,0.0564,0.0572,0.0535,0.0662
2022-03-25,0.0775,0.0635,0.0846,0.0643,0.0654,0.0684,0.0669,0.0551,0.0709,0.083,0.0623,0.0565,0.0629,0.0542,0.0643
2022-03-28,0.0772,0.065,0.0846,0.0616,0.0634,0.0731,0.0683,0.0526,0.0721,0.08,0.0603,0.0555,0.0604,0.0583,0.0677
2022-03-29,0.0823,0.0679,0.0876,0.0584,0.0598,0.0706,0.0732,0.0514,0.0735,0.0798,0.0573,0.0536,0.0574,0.0558,0.0714
2022-03-30,0.0886,0.0648,0.0863,0.0573,0.0584,0.0753,0.069,0.0554,0.0693,0.0765,0.0564,0.054,0.0564,0.0552,0.077
2022-03-31,0.0877,0.0656,0.0802,0.0593,0.0591,0.071,0.069,0.0578,0.071,0.0772,0.0586,0.0566,0.0586,0.0576,0.0705
2022-04-01,0.0795,0.0657,0.0814,0.0605,0.0604,0.0696,0.0686,0.056,0.0725,0.0808,0.0599,0.0583,0.058,0.0592,0.0696
2022-04-04,0.0804,0.065,0.0745,0.0607,0.0607,0.0705,0.0671,0.057,0.0743,0.0835,0.0602,0.0588,0.0586,0.0601,0.0685
2022-04-05,0.0762,0.0633,0.0833,0.06,0.0605,0.0653,0.068,0.0571,0.0751,0.0833,0.0596,0.0585,0.0584,0.0652,0.0663
2022-04-06,0.0722,0.0625,0.081,0.0506,0.0608,0.066,0.0682,0.0593,0.0752,0.0833,0.0614,0.0605,0.0569,0.066,0.0761
2022-04-07,0.0636,0.0637,0.0794,0.054,0.0623,0.0702,0.069,0.0568,0.0772,0.0841,0.0627,0.062,0.0538,0.0665,0.0747
2022-04-08,0.0634,0.0689,0.088,0.0535,0.0595,0.0657,0.0729,0.0549,0.0826,0.0792,0.0601,0.0596,0.0594,0.0631,0.0692
2022-04-11,0.0637,0.0681,0.0807,0.0561,0.0637,0.0661,0.0737,0.0613,0.0808,0.0766,0.06,0.0596,0.0645,0.0626,0.0624
2022-04-12,0.0709,0.0678,0.0668,0.0579,0.064,0.0659,0.0766,0.0621,0.0803,0.0757,0.061,0.0606,0.0646,0.0629,0.0629
2022-04-13,0.0682,0.071,0.0707,0.0584,0.0659,0.0602,0.0777,0.0617,0.0773,0.0766,0.0607,0.0605,0.0636,0.0628,0.0648
2022-04-14,0.0672,0.0693,0.0745,0.0592,0.0653,0.0555,0.075,0.0619,0.0757,0.0737,0.0611,0.0609,0.0784,0.0627,0.0597
2022-04-18,0.068,0.0717,0.0748,0.0576,0.0681,0.0624,0.0725,0.0553,0.079,0.0726,0.0548,0.0653,0.0758,0.0619,0.0602
2022-04-19,0.0653,0.0692,0.0746,0.058,0.0677,0.0638,0.0683,0.0552,0.0844,0.0795,0.0558,0.0641,0.0725,0.0615,0.0601
2022-04-20,0.0644,0.0739,0.0766,0.0598,0.0679,0.0618,0.0575,0.0518,0.0847,0.079,0.058,0.0647,0.0714,0.0671,0.0614
2022-04-21,0.0634,0.0783,0.0694,0.0617,0.0678,0.0661,0.051,0.052,0.0838,0.0868,0.0549,0.0659,0.0712,0.0677,0.0598
2022-04-22,0.0641,0.0852,0.0682,0.0659,0.07,0.0726,0.0439,0.045,0.0858,0.0819,0.0615,0.0646,0.0689,0.0701,0.0522
2022-04-25,0.0623,0.0857,0.0704,0.0697,0.0694,0.0743,0.0396,0.0439,0.083,0.0802,0.0583,0.0676,0.0665,0.073,0.0562
2022-04-26,0.0614,0.082,0.0761,0.0685,0.0628,0.0767,0.0374,0.0479,0.0778,0.076,0.0593,0.0794,0.0659,0.0711,0.0577
2022-04-27,0.062,0.0839,0.0739,0.0708,0.063,0.0679,0.0381,0.0537,0.0742,0.0778,0.0631,0.0799,0.0686,0.0602,0.0628
2022-04-28,0.0624,0.0782,0.0794,0.0694,0.0636,0.0789,0.0467,0.0541,0.067,0.0736,0.0617,0.0748,0.0659,0.0589,0.0653
2022-04-29,0.0665,0.0747,0.077,0.069,0.0705,0.082,0.0404,0.0577,0.0571,0.074,0.064,0.0745,0.0673,0.0585,0.0668
2022-05-02,0.0653,0.0771,0.0782,0.0704,0.0723,0.0824,0.042,0.0562,0.0501,0.0738,0.0635,0.0722,0.0664,0.0615,0.0687
2022-05-03,0.0656,0.0784,0.0801,0.0669,0.0683,0.0829,0.0514,0.056,0.0547,0.0775,0.0616,0.0683,0.0638,0.0603,0.0643
2022-05-04,0.0688,0.0725,0.094,0.0705,0.0656,0.0741,0.0488,0.0569,0.0589,0.0743,0.0658,0.0656,0.0621,0.0594,0.0627
2022-05-05,0.0738,0.0651,0.0996,0.0698,0.0727,0.0687,0.0395,0.0538,0.06,0.073,0.0659,0.0711,0.063,0.0608,0.0634
2022-05-06,0.0743,0.0689,0.0992,0.0732,0.0706,0.0658,0.0404,0.0517,0.058,0.0744,0.0657,0.0693,0.0634,0.0616,0.0637
2022-05-09,0.07,0.0613,0.099,0.0748,0.0725,0.0614,0.0357,0.058,0.0573,0.076,0.0683,0.0747,0.0632,0.0608,0.0671
2022-05-10,0.0664,0.0667,0.0913,0.0738,0.0741,0.0707,0.0317,0.06,0.0602,0.071,0.0683,0.0733,0.0642,0.0622,0.0663
2022-05-11,0.0585,0.0619,0.0941,0.0736,0.0738,0.0664,0.0394,0.0574,0.061,0.0742,0.0691,0.0732,0.0658,0.0642,0.0675
2022-05-12,0.0553,0.0605,0.0924,0.075,0.0656,0.0554,0.0397,0.0724,0.0567,0.0747,0.0716,0.0747,0.0686,0.0673,0.0703
2022-05-13,0.0604,0.062,0.0905,0.0711,0.0573,0.056,0.0428,0.0691,0.0596,0.0756,0.0685,0.0711,0.0663,0.0721,0.0776
2022-05-16,0.061,0.0684,0.0863,0.0667,0.0592,0.0645,0.043,0.0722,0.068,0.0696,0.0708,0.0667,0.0639,0.0738,0.066
2022-05-17,0.0583,0.0714,0.0967,0.0643,0.0621,0.0698,0.0417,0.0685,0.0718,0.0682,0.0674,0.0644,0.0621,0.0697,0.0637
2022-05-18,0.0516,0.0658,0.1079,0.0682,0.0664,0.0649,0.0313,0.0718,0.0634,0.0686,0.0709,0.0684,0.0602,0.0728,0.0677
2022-05-19,0.0565,0.0674,0.1076,0.0678,0.0684,0.0566,0.0353,0.0723,0.057,0.0686,0.0716,0.0698,0.0584,0.0735,0.0692
2022-05-20,0.0552,0.0632,0.1078,0.0706,0.0598,0.0611,0.0374,0.079,0.0476,0.0659,0.0737,0.0662,0.0654,0.0754,0.0717
2022-05-23,0.0667,0.0621,0.1062,0.0733,0.0597,0.0595,0.0368,0.0825,0.0367,0.0682,0.0738,0.0678,0.0662,0.0682,0.0722
2022-05-24,0.0774,0.0656,0.1015,0.0751,0.0554,0.0475,0.045,0.0779,0.0346,0.0647,0.0751,0.0702,0.069,0.0745,0.0664
2022-05-25,0.0701,0.0679,0.0963,0.0744,0.0597,0.0523,0.0431,0.0766,0.037,0.0679,0.0743,0.0706,0.0697,0.0739,0.0662
2022-05-26,0.0776,0.0632,0.0972,0.0724,0.061,0.0456,0.0479,0.0741,0.0457,0.0766,0.0723,0.0695,0.0712,0.0721,0.0537
2022-05-27,0.0751,0.066,0.0963,0.0805,0.0621,0.0405,0.0444,0.0724,0.0495,0.0838,0.072,0.0687,0.068,0.0708,0.0497
2022-05-31,0.0794,0.0677,0.0947,0.0791,0.0565,0.0503,0.0445,0.0722,0.0551,0.0813,0.0686,0.0646,0.0647,0.0708,0.0504
2022-06-01,0.0783,0.0645,0.097,0.0732,0.056,0.0539,0.0469,0.068,0.0609,0.0794,0.0749,0.0622,0.0622,0.0712,0.0514
2022-06-02,0.0748,0.0637,0.0958,0.0705,0.0565,0.0576,0.0499,0.0664,0.065,0.0798,0.074,0.0618,0.0618,0.0689,0.0534
2022-06-03,0.0679,0.0629,0.0998,0.0683,0.0574,0.0635,0.054,0.0651,0.0691,0.0692,0.071,0.0615,0.0615,0.0742,0.0548
2022-06-06,0.0694,0.0624,0.0971,0.0705,0.0619,0.0654,0.0545,0.0636,0.0694,0.0686,0.0683,0.0608,0.0608,0.0716,0.0556
2022-06-07,0.0759,0.0645,0.0973,0.0684,0.0623,0.066,0.0485,0.063,0.074,0.0681,0.0667,0.0608,0.0547,0.0693,0.0605
2022-06-08,0.0773,0.065,0.0901,0.0653,0.0658,0.0609,0.0565,0.0628,0.0768,0.0708,0.0657,0.061,0.0561,0.0651,0.0608
2022-06-09,0.0712,0.0656,0.078,0.0655,0.0659,0.0652,0.0554,0.0628,0.0776,0.0795,0.0658,0.062,0.0581,0.0654,0.0619
2022-06-10,0.0673,0.0663,0.0853,0.0632,0.0664,0.058,0.0456,0.0639,0.0784,0.0859,0.0666,0.0635,0.0603,0.0658,0.0633
2022-06-13,0.0653,0.0619,0.0832,0.0648,0.0671,0.0655,0.0468,0.0586,0.0744,0.0848,0.0677,0.0706,0.0568,0.0679,0.0646
2022-06-14,0.057,0.0648,0.0823,0.0671,0.0691,0.0677,0.0425,0.0559,0.0705,0.0846,0.0695,0.0719,0.0606,0.0696,0.067
2022-06-15,0.0487,0.0657,0.0798,0.0677,0.0693,0.0681,0.0397,0.0588,0.0775,0.0844,0.0694,0.0714,0.0624,0.0696,0.0675
2022-06-16,0.046,0.0658,0.0766,0.067,0.0682,0.0677,0.0452,0.0588,0.0821,0.0844,0.0687,0.0703,0.0632,0.0689,0.0672
2022-06-17,0.0474,0.0654,0.0791,0.0683,0.0687,0.0687,0.0506,0.0616,0.0711,0.0751,0.0699,0.0708,0.0651,0.0697,0.0684
2022-06-21,0.052,0.069,0.0734,0.0663,0.0709,0.0634,0.0523,0.0612,0.0812,0.0756,0.0674,0.0683,0.0639,0.0689,0.0662
2022-06-22,0.0555,0.0686,0.0723,0.0665,0.0704,0.0642,0.0528,0.0624,0.0769,0.0774,0.0674,0.0681,0.0646,0.0686,0.0642
2022-06-23,0.0651,0.0749,0.0712,0.0674,0.0746,0.0656,0.0385,0.0536,0.0821,0.0694,0.0682,0.0688,0.0659,0.0691,0.0655
2022-06-24,0.0657,0.0732,0.074,0.0658,0.0719,0.0684,0.0488,0.0546,0.0765,0.0724,0.068,0.0663,0.064,0.0665,0.0639
2022-06-27,0.0693,0.0741,0.0757,0.064,0.0687,0.0739,0.0538,0.053,0.0759,0.0731,0.0656,0.0595,0.0626,0.0676,0.0632
2022-06-28,0.0694,0.0734,0.0741,0.0642,0.0678,0.0721,0.0537,0.0632,0.0701,0.0711,0.0665,0.0607,0.0631,0.0671,0.0636
2022-06-29,0.0656,0.0742,0.0661,0.0666,0.0708,0.0731,0.0475,0.064,0.0702,0.0693,0.0685,0.0637,0.0657,0.0689,0.0661
2022-06-30,0.0737,0.0736,0.0662,0.0655,0.0709,0.0727,0.0522,0.0545,0.0645,0.0688,0.069,0.0651,0.0668,0.0694,0.0671
2022-07-01,0.0667,0.0738,0.0691,0.0673,0.0716,0.0662,0.0565,0.0584,0.0581,0.0673,0.0706,0.0669,0.0683,0.0772,0.0619
2022-07-05,0.0679,0.0672,0.0613,0.0671,0.0698,0.0715,0.0586,0.0599,0.0568,0.0704,0.0742,0.07,0.0678,0.0748,0.0627
2022-07-06,0.061,0.0663,0.0748,0.0662,0.0683,0.0697,0.0546,0.0606,0.0614,0.0746,0.0717,0.0691,0.0667,0.0722,0.0628
2022-07-07,0.0601,0.0668,0.0737,0.0706,0.0636,0.0627,0.0576,0.0612,0.0659,0.0799,0.0699,0.0682,0.0659,0.071,0.0629
2022-07-08,0.056,0.0629,0.0731,0.0683,0.0608,0.0593,0.0581,0.0662,0.0664,0.0792,0.0677,0.0712,0.0803,0.0681,0.0623
2022-07-11,0.0559,0.0634,0.0704,0.062,0.0664,0.0605,0.0545,0.0713,0.0657,0.0756,0.0665,0.0702,0.0864,0.068,0.0631
2022-07-12,0.0618,0.0636,0.0668,0.0624,0.0659,0.0612,0.0565,0.0698,0.063,0.0705,0.066,0.0748,0.0872,0.0672,0.0633
2022-07-13,0.062,0.0642,0.0711,0.0633,0.0747,0.0624,0.0612,0.0692,0.0561,0.0686,0.0662,0.0731,0.0769,0.0671,0.064
2022-07-14,0.0632,0.0642,0.0793,0.0634,0.0725,0.0627,0.0603,0.068,0.0596,0.072,0.0657,0.0712,0.0741,0.0664,0.0575
2022-07-15,0.0665,0.0634,0.0835,0.0626,0.0701,0.0622,0.0609,0.0708,0.0583,0.0724,0.0646,0.0689,0.0705,0.0651,0.0601
2022-07-18,0.0579,0.0711,0.0844,0.0653,0.0682,0.0615,0.0596,0.0668,0.0664,0.0734,0.0633,0.0667,0.0679,0.0677,0.0598
2022-07-19,0.0575,0.0743,0.0884,0.0656,0.0637,0.0625,0.058,0.0607,0.0709,0.0742,0.0639,0.0666,0.0712,0.0615,0.0611
2022-07-20,0.0628,0.0788,0.0835,0.071,0.0567,0.0566,0.053,0.0668,0.0671,0.0738,0.0641,0.0662,0.0698,0.0621,0.0678
2022-07-21,0.0548,0.0706,0.0868,0.0708,0.0605,0.0527,0.0457,0.0673,0.0721,0.0811,0.0651,0.0679,0.0706,0.0641,0.0701
2022-07-22,0.0495,0.0696,0.093,0.0698,0.0582,0.0554,0.0416,0.067,0.075,0.0811,0.0653,0.0675,0.0696,0.0645,0.0729
2022-07-25,0.0549,0.0708,0.0865,0.0669,0.0624,0.0551,0.0426,0.0665,0.0731,0.0792,0.0686,0.0677,0.0656,0.0654,0.0744
2022-07-26,0.0497,0.0739,0.0929,0.0706,0.0551,0.0606,0.0469,0.0702,0.0546,0.0768,0.0636,0.0771,0.0562,0.0694,0.0824
2022-07-27,0.0533,0.0753,0.0913,0.0741,0.0658,0.0589,0.0551,0.0663,0.0596,0.0798,0.0612,0.067,0.0556,0.0657,0.0711
2022-07-28,0.0593,0.0688,0.0835,0.0721,0.0701,0.0638,0.0569,0.0658,0.06,0.0806,0.0618,0.0648,0.0573,0.0653,0.0697
2022-07-29,0.0702,0.0693,0.0859,0.0708,0.0725,0.0612,0.0476,0.0672,0.0711,0.0785,0.0597,0.0619,0.0563,0.0623,0.0654
2022-08-01,0.0751,0.0726,0.085,0.0716,0.0684,0.0595,0.0453,0.0679,0.0747,0.078,0.0585,0.0611,0.0558,0.0622,0.0645
2022-08-02,0.0741,0.0756,0.0845,0.0676,0.0652,0.0583,0.0466,0.0715,0.0789,0.0797,0.0625,0.0597,0.0554,0.0603,0.06
2022-08-03,0.0701,0.0724,0.0811,0.0642,0.0641,0.0585,0.0492,0.0691,0.0759,0.0843,0.0619,0.0597,0.0562,0.0602,0.073
2022-08-04,0.0711,0.0698,0.0783,0.0654,0.0632,0.0588,0.0516,0.0672,0.0736,0.0865,0.0615,0.0597,0.0629,0.0601,0.0703
2022-08-05,0.0682,0.069,0.0841,0.0655,0.0637,0.0601,0.0512,0.0664,0.0704,0.0842,0.0625,0.0608,0.0634,0.0611,0.0694
2022-08-08,0.063,0.0711,0.0815,0.064,0.0641,0.0599,0.0528,0.065,0.0779,0.0813,0.0617,0.0557,0.0624,0.0707,0.069
2022-08-09,0.0655,0.0737,0.0765,0.0607,0.0546,0.0614,0.0557,0.0656,0.0752,0.0826,0.0629,0.0579,0.0687,0.0702,0.0688
2022-08-10,0.0655,0.0735,0.0782,0.0609,0.0571,0.0615,0.0571,0.065,0.0738,0.0833,0.0627,0.0587,0.0673,0.0685,0.067
2022-08-11,0.0693,0.0695,0.0733,0.0598,0.0611,0.0602,0.0662,0.0725,0.0725,0.0778,0.0611,0.0588,0.0646,0.0688,0.0645
2022-08-12,0.0697,0.0699,0.0761,0.064,0.0593,0.059,0.0701,0.0729,0.0781,0.0795,0.0538,0.0577,0.0623,0.0655,0.0622
2022-08-15,0.0707,0.078,0.077,0.0612,0.0582,0.0578,0.0684,0.0719,0.0832,0.0789,0.054,0.0567,0.0603,0.0675,0.0563
2022-08-16,0.0588,0.0765,0.0759,0.0625,0.0563,0.0596,0.0639,0.0753,0.0803,0.0806,0.0566,0.0587,0.0617,0.0676,0.0656
2022-08-17,0.0714,0.0728,0.074,0.0623,0.0569,0.0595,0.0629,0.0731,0.0806,0.0796,0.0571,0.0588,0.0611,0.0658,0.0642
2022-08-18,0.0773,0.0708,0.0727,0.0623,0.0583,0.0601,0.0628,0.0709,0.0783,0.0787,0.0581,0.0595,0.0614,0.0651,0.0639
2022-08-19,0.0793,0.0692,0.0768,0.0625,0.0578,0.0607,0.0614,0.0694,0.0759,0.074,0.0591,0.0602,0.0658,0.0644,0.0637
2022-08-22,0.0774,0.0682,0.0788,0.0688,0.0588,0.0609,0.0588,0.0681,0.0704,0.0758,0.0598,0.0605,0.0665,0.0638,0.0633
2022-08-23,0.0739,0.0725,0.0813,0.0673,0.0592,0.0607,0.0591,0.0665,0.0747,0.0739,0.0599,0.0604,0.0651,0.0631,0.0624
2022-08-24,0.0702,0.0708,0.0825,0.0667,0.0602,0.0614,0.0602,0.066,0.0749,0.0742,0.0608,0.0611,0.0649,0.0633,0.0627
2022-08-25,0.0734,0.0706,0.085,0.0671,0.0619,0.063,0.0566,0.0667,0.0671,0.0775,0.052,0.0627,0.0658,0.0666,0.064
2022-08-26,0.0657,0.0686,0.0803,0.0711,0.0677,0.0626,0.0576,0.0655,0.0701,0.0807,0.0539,0.0623,0.0649,0.0655,0.0634
2022-08-29,0.065,0.0682,0.0779,0.0705,0.0678,0.0637,0.0553,0.066,0.0668,0.0793,0.0565,0.0634,0.0654,0.0656,0.0687
2022-08-30,0.0655,0.0675,0.0783,0.0693,0.0669,0.064,0.0572,0.0657,0.064,0.0808,0.0582,0.0638,0.0653,0.0654,0.068
2022-08-31,0.0571,0.0674,0.0712,0.0698,0.0676,0.0646,0.0591,0.0725,0.0618,0.0853,0.06,0.0645,0.0657,0.0657,0.0678
2022-09-01,0.054,0.066,0.0634,0.0699,0.0661,0.0639,0.066,0.0765,0.0758,0.0847,0.054,0.0639,0.0648,0.0648,0.0662
2022-09-02,0.0643,0.0647,0.0627,0.0678,0.0712,0.0631,0.0648,0.073,0.0604,0.0865,0.0595,0.0631,0.0702,0.0638,0.0649
2022-09-06,0.0631,0.0646,0.0632,0.0686,0.0726,0.0633,0.0641,0.0712,0.0568,0.0876,0.0605,0.0635,0.0689,0.0643,0.0678
2022-09-07,0.0674,0.0623,0.0634,0.0679,0.071,0.0636,0.0641,0.0699,0.0565,0.0893,0.0612,0.0638,0.0681,0.0644,0.0671
2022-09-08,0.0743,0.0661,0.0616,0.0604,0.0706,0.0632,0.0636,0.0681,0.0586,0.0903,0.0614,0.0634,0.0668,0.0657,0.066
2022-09-09,0.0759,0.0652,0.0616,0.0634,0.0687,0.0628,0.0631,0.0667,0.0599,0.093,0.0614,0.0629,0.0656,0.0648,0.065
2022-09-12,0.0859,0.066,0.0667,0.0625,0.0671,0.0621,0.0626,0.0604,0.0631,0.089,0.061,0.0631,0.0632,0.0637,0.0638
2022-09-13,0.0857,0.0645,0.067,0.0616,0.0615,0.0614,0.0618,0.0663,0.0634,0.0902,0.0604,0.0622,0.0623,0.0627,0.069
2022-09-14,0.0881,0.0643,0.0686,0.0699,0.0621,0.056,0.0623,0.0659,0.0534,0.0892,0.0612,0.0627,0.0654,0.063,0.068
2022-09-15,0.0816,0.064,0.0705,0.0723,0.0612,0.0583,0.0623,0.0654,0.0596,0.0902,0.0616,0.0627,0.0649,0.0585,0.067
2022-09-16,0.0756,0.0634,0.0733,0.07,0.0615,0.0589,0.063,0.0646,0.0621,0.0912,0.0646,0.0626,0.0642,0.0591,0.0658
2022-09-19,0.0734,0.0684,0.0704,0.0672,0.0642,0.0575,0.0653,0.063,0.0629,0.0908,0.068,0.0672,0.0628,0.0587,0.0601
2022-09-20,0.079,0.0628,0.0664,0.0673,0.0644,0.0594,0.0656,0.0639,0.0638,0.0929,0.0677,0.0673,0.0637,0.0603,0.0555
2022-09-21,0.0761,0.0697,0.0656,0.0652,0.0743,0.0595,0.0647,0.0634,0.058,0.0904,0.0664,0.0661,0.0632,0.0606,0.0568
2022-09-22,0.0703,0.0704,0.061,0.0709,0.0662,0.0624,0.0615,0.0656,0.06,0.0892,0.073,0.0679,0.064,0.0633,0.0541
2022-09-23,0.0724,0.0697,0.0602,0.0622,0.0665,0.063,0.0626,0.0658,0.0623,0.0867,0.0679,0.0678,0.074,0.0626,0.0564
2022-09-26,0.0714,0.0727,0.0627,0.0569,0.0666,0.0633,0.0661,0.0655,0.0618,0.084,0.0679,0.0674,0.0727,0.063,0.0579
2022-09-27,0.0738,0.0712,0.0578,0.0591,0.0664,0.0637,0.0659,0.0655,0.0619,0.0863,0.0673,0.067,0.0712,0.0635,0.0594
2022-09-28,0.0604,0.0727,0.0509,0.0637,0.0661,0.0674,0.0641,0.0693,0.0624,0.0919,0.0636,0.0708,0.0727,0.0673,0.0567
2022-09-29,0.0622,0.0712,0.0585,0.0645,0.0708,0.0602,0.0616,0.0684,0.0648,0.0874,0.0639,0.07,0.0712,0.0668,0.0586
