asset_class,pnl,test_id,position_id,issuer,level
Corporate Bond,-16495311.0,ST-001,,,asset_class
Corporate Loan,-1427062.0,ST-001,,,asset_class
Credit Default Swap,-316406.0,ST-001,,,asset_class
Equity,-2264063.0,ST-001,,,asset_class
FX Forward,-1096875.0,ST-001,,,asset_class
Government Bond,-27033750.0,ST-001,,,asset_class
Interest Rate Swap,-675000.0,ST-001,,,asset_class
Equity,-506250.0,ST-001,EQ-01,AAPL,position
Equity,-464063.0,ST-001,EQ-02,MSFT,position
Equity,-450000.0,ST-001,EQ-03,TSLA,position
Equity,-309375.0,ST-001,EQ-04,DIS,position
Equity,-315000.0,ST-001,EQ-05,BA,position
Equity,-219375.0,ST-001,EQ-06,NFLX,position
Corporate Bond,-3290625.0,ST-001,CB-01,AAPL,position
Corporate Bond,-4050000.0,ST-001,CB-02,MSFT,position
Corporate Bond,-3100781.0,ST-001,CB-03,DIS,position
Corporate Bond,-2088281.0,ST-001,CB-04,BA,position
Corporate Bond,-1898437.0,ST-001,CB-05,INTC,position
Corporate Bond,-1139062.0,ST-001,CB-06,PYPL,position
Corporate Bond,-928125.0,ST-001,CB-07,Meridian Chemicals,position
Government Bond,-2565000.0,ST-001,GB-01,US Treasury 2Y,position
Government Bond,-14343750.0,ST-001,GB-02,US Treasury 10Y,position
Government Bond,-10125000.0,ST-001,GB-03,US Treasury 30Y,position
Corporate Loan,-176344.0,ST-001,LN-01,BA,position
Corporate Loan,-142523.0,ST-001,LN-02,DIS,position
Corporate Loan,-254953.0,ST-001,LN-03,Harbor Freight Lines,position
Corporate Loan,-498867.0,ST-001,LN-04,Northgate Retail,position
Corporate Loan,-354375.0,ST-001,LN-05,Meridian Chemicals,position
Interest Rate Swap,5062500.0,ST-001,IRS-01,Pay fixed 5Y (hedge),position
Interest Rate Swap,-5737500.0,ST-001,IRS-02,Receive fixed 10Y,position
FX Forward,-675000.0,ST-001,FX-01,Long EUR / short USD,position
FX Forward,-421875.0,ST-001,FX-02,Long JPY / short USD,position
Credit Default Swap,189844.0,ST-001,CDS-01,BA,position
Credit Default Swap,-506250.0,ST-001,CDS-02,CDX IG index,position
Corporate Bond,-8268750.0,ST-002,,,asset_class
Corporate Loan,-3420562.0,ST-002,,,asset_class
Credit Default Swap,0.0,ST-002,,,asset_class
Equity,-2475000.0,ST-002,,,asset_class
FX Forward,0.0,ST-002,,,asset_class
Government Bond,0.0,ST-002,,,asset_class
Interest Rate Swap,0.0,ST-002,,,asset_class
Equity,0.0,ST-002,EQ-01,AAPL,position
Equity,0.0,ST-002,EQ-02,MSFT,position
Equity,0.0,ST-002,EQ-03,TSLA,position
Equity,-2475000.0,ST-002,EQ-04,DIS,position
Equity,0.0,ST-002,EQ-05,BA,position
Equity,0.0,ST-002,EQ-06,NFLX,position
Corporate Bond,-0.0,ST-002,CB-01,AAPL,position
Corporate Bond,-0.0,ST-002,CB-02,MSFT,position
Corporate Bond,-8268750.0,ST-002,CB-03,DIS,position
Corporate Bond,-0.0,ST-002,CB-04,BA,position
Corporate Bond,-0.0,ST-002,CB-05,INTC,position
Corporate Bond,-0.0,ST-002,CB-06,PYPL,position
Corporate Bond,-0.0,ST-002,CB-07,Meridian Chemicals,position
Government Bond,-0.0,ST-002,GB-01,US Treasury 2Y,position
Government Bond,-0.0,ST-002,GB-02,US Treasury 10Y,position
Government Bond,-0.0,ST-002,GB-03,US Treasury 30Y,position
Corporate Loan,-0.0,ST-002,LN-01,BA,position
Corporate Loan,-3420562.0,ST-002,LN-02,DIS,position
Corporate Loan,-0.0,ST-002,LN-03,Harbor Freight Lines,position
Corporate Loan,-0.0,ST-002,LN-04,Northgate Retail,position
Corporate Loan,-0.0,ST-002,LN-05,Meridian Chemicals,position
Interest Rate Swap,0.0,ST-002,IRS-01,Pay fixed 5Y (hedge),position
Interest Rate Swap,-0.0,ST-002,IRS-02,Receive fixed 10Y,position
FX Forward,-0.0,ST-002,FX-01,Long EUR / short USD,position
FX Forward,-0.0,ST-002,FX-02,Long JPY / short USD,position
Credit Default Swap,0.0,ST-002,CDS-01,BA,position
Credit Default Swap,-0.0,ST-002,CDS-02,CDX IG index,position
Corporate Bond,0.0,ST-003,,,asset_class
Corporate Loan,0.0,ST-003,,,asset_class
Credit Default Swap,0.0,ST-003,,,asset_class
Equity,-2400000.0,ST-003,,,asset_class
FX Forward,0.0,ST-003,,,asset_class
Government Bond,0.0,ST-003,,,asset_class
Interest Rate Swap,0.0,ST-003,,,asset_class
Equity,0.0,ST-003,EQ-01,AAPL,position
Equity,0.0,ST-003,EQ-02,MSFT,position
Equity,-2400000.0,ST-003,EQ-03,TSLA,position
Equity,0.0,ST-003,EQ-04,DIS,position
Equity,0.0,ST-003,EQ-05,BA,position
Equity,0.0,ST-003,EQ-06,NFLX,position
Corporate Bond,-0.0,ST-003,CB-01,AAPL,position
Corporate Bond,-0.0,ST-003,CB-02,MSFT,position
Corporate Bond,-0.0,ST-003,CB-03,DIS,position
Corporate Bond,-0.0,ST-003,CB-04,BA,position
Corporate Bond,-0.0,ST-003,CB-05,INTC,position
Corporate Bond,-0.0,ST-003,CB-06,PYPL,position
Corporate Bond,-0.0,ST-003,CB-07,Meridian Chemicals,position
Government Bond,-0.0,ST-003,GB-01,US Treasury 2Y,position
Government Bond,-0.0,ST-003,GB-02,US Treasury 10Y,position
Government Bond,-0.0,ST-003,GB-03,US Treasury 30Y,position
Corporate Loan,-0.0,ST-003,LN-01,BA,position
Corporate Loan,-0.0,ST-003,LN-02,DIS,position
Corporate Loan,-0.0,ST-003,LN-03,Harbor Freight Lines,position
Corporate Loan,-0.0,ST-003,LN-04,Northgate Retail,position
Corporate Loan,-0.0,ST-003,LN-05,Meridian Chemicals,position
Interest Rate Swap,0.0,ST-003,IRS-01,Pay fixed 5Y (hedge),position
Interest Rate Swap,-0.0,ST-003,IRS-02,Receive fixed 10Y,position
FX Forward,-0.0,ST-003,FX-01,Long EUR / short USD,position
FX Forward,-0.0,ST-003,FX-02,Long JPY / short USD,position
Credit Default Swap,0.0,ST-003,CDS-01,BA,position
Credit Default Swap,-0.0,ST-003,CDS-02,CDX IG index,position
Corporate Bond,0.0,ST-004,,,asset_class
Corporate Loan,0.0,ST-004,,,asset_class
Credit Default Swap,0.0,ST-004,,,asset_class
Equity,-1170000.0,ST-004,,,asset_class
FX Forward,0.0,ST-004,,,asset_class
Government Bond,0.0,ST-004,,,asset_class
Interest Rate Swap,0.0,ST-004,,,asset_class
Equity,0.0,ST-004,EQ-01,AAPL,position
Equity,0.0,ST-004,EQ-02,MSFT,position
Equity,0.0,ST-004,EQ-03,TSLA,position
Equity,0.0,ST-004,EQ-04,DIS,position
Equity,0.0,ST-004,EQ-05,BA,position
Equity,-1170000.0,ST-004,EQ-06,NFLX,position
Corporate Bond,-0.0,ST-004,CB-01,AAPL,position
Corporate Bond,-0.0,ST-004,CB-02,MSFT,position
Corporate Bond,-0.0,ST-004,CB-03,DIS,position
Corporate Bond,-0.0,ST-004,CB-04,BA,position
Corporate Bond,-0.0,ST-004,CB-05,INTC,position
Corporate Bond,-0.0,ST-004,CB-06,PYPL,position
Corporate Bond,-0.0,ST-004,CB-07,Meridian Chemicals,position
Government Bond,-0.0,ST-004,GB-01,US Treasury 2Y,position
Government Bond,-0.0,ST-004,GB-02,US Treasury 10Y,position
Government Bond,-0.0,ST-004,GB-03,US Treasury 30Y,position
Corporate Loan,-0.0,ST-004,LN-01,BA,position
Corporate Loan,-0.0,ST-004,LN-02,DIS,position
Corporate Loan,-0.0,ST-004,LN-03,Harbor Freight Lines,position
Corporate Loan,-0.0,ST-004,LN-04,Northgate Retail,position
Corporate Loan,-0.0,ST-004,LN-05,Meridian Chemicals,position
Interest Rate Swap,0.0,ST-004,IRS-01,Pay fixed 5Y (hedge),position
Interest Rate Swap,-0.0,ST-004,IRS-02,Receive fixed 10Y,position
FX Forward,-0.0,ST-004,FX-01,Long EUR / short USD,position
FX Forward,-0.0,ST-004,FX-02,Long JPY / short USD,position
Credit Default Swap,0.0,ST-004,CDS-01,BA,position
Credit Default Swap,-0.0,ST-004,CDS-02,CDX IG index,position
Corporate Bond,-3900000.0,ST-005,,,asset_class
Corporate Loan,0.0,ST-005,,,asset_class
Credit Default Swap,0.0,ST-005,,,asset_class
Equity,-2700000.0,ST-005,,,asset_class
FX Forward,0.0,ST-005,,,asset_class
Government Bond,0.0,ST-005,,,asset_class
Interest Rate Swap,0.0,ST-005,,,asset_class
Equity,-2700000.0,ST-005,EQ-01,AAPL,position
Equity,0.0,ST-005,EQ-02,MSFT,position
Equity,0.0,ST-005,EQ-03,TSLA,position
Equity,0.0,ST-005,EQ-04,DIS,position
Equity,0.0,ST-005,EQ-05,BA,position
Equity,0.0,ST-005,EQ-06,NFLX,position
Corporate Bond,-3900000.0,ST-005,CB-01,AAPL,position
Corporate Bond,-0.0,ST-005,CB-02,MSFT,position
Corporate Bond,-0.0,ST-005,CB-03,DIS,position
Corporate Bond,-0.0,ST-005,CB-04,BA,position
Corporate Bond,-0.0,ST-005,CB-05,INTC,position
Corporate Bond,-0.0,ST-005,CB-06,PYPL,position
Corporate Bond,-0.0,ST-005,CB-07,Meridian Chemicals,position
Government Bond,-0.0,ST-005,GB-01,US Treasury 2Y,position
Government Bond,-0.0,ST-005,GB-02,US Treasury 10Y,position
Government Bond,-0.0,ST-005,GB-03,US Treasury 30Y,position
Corporate Loan,-0.0,ST-005,LN-01,BA,position
Corporate Loan,-0.0,ST-005,LN-02,DIS,position
Corporate Loan,-0.0,ST-005,LN-03,Harbor Freight Lines,position
Corporate Loan,-0.0,ST-005,LN-04,Northgate Retail,position
Corporate Loan,-0.0,ST-005,LN-05,Meridian Chemicals,position
Interest Rate Swap,0.0,ST-005,IRS-01,Pay fixed 5Y (hedge),position
Interest Rate Swap,-0.0,ST-005,IRS-02,Receive fixed 10Y,position
FX Forward,-0.0,ST-005,FX-01,Long EUR / short USD,position
FX Forward,-0.0,ST-005,FX-02,Long JPY / short USD,position
Credit Default Swap,0.0,ST-005,CDS-01,BA,position
Credit Default Swap,-0.0,ST-005,CDS-02,CDX IG index,position
Corporate Bond,-14662500.0,ST-006,,,asset_class
Corporate Loan,-1268501.0,ST-006,,,asset_class
Credit Default Swap,-281250.0,ST-006,,,asset_class
Equity,-2012500.0,ST-006,,,asset_class
FX Forward,-975000.0,ST-006,,,asset_class
Government Bond,-24030000.0,ST-006,,,asset_class
Interest Rate Swap,-600000.0,ST-006,,,asset_class
Equity,-450000.0,ST-006,EQ-01,AAPL,position
Equity,-412500.0,ST-006,EQ-02,MSFT,position
Equity,-400000.0,ST-006,EQ-03,TSLA,position
Equity,-275000.0,ST-006,EQ-04,DIS,position
Equity,-280000.0,ST-006,EQ-05,BA,position
Equity,-195000.0,ST-006,EQ-06,NFLX,position
Corporate Bond,-2925000.0,ST-006,CB-01,AAPL,position
Corporate Bond,-3600000.0,ST-006,CB-02,MSFT,position
Corporate Bond,-2756250.0,ST-006,CB-03,DIS,position
Corporate Bond,-1856250.0,ST-006,CB-04,BA,position
Corporate Bond,-1687500.0,ST-006,CB-05,INTC,position
Corporate Bond,-1012500.0,ST-006,CB-06,PYPL,position
Corporate Bond,-825000.0,ST-006,CB-07,Meridian Chemicals,position
Government Bond,-2280000.0,ST-006,GB-01,US Treasury 2Y,position
Government Bond,-12750000.0,ST-006,GB-02,US Treasury 10Y,position
Government Bond,-9000000.0,ST-006,GB-03,US Treasury 30Y,position
Corporate Loan,-156750.0,ST-006,LN-01,BA,position
Corporate Loan,-126688.0,ST-006,LN-02,DIS,position
Corporate Loan,-226625.0,ST-006,LN-03,Harbor Freight Lines,position
Corporate Loan,-443438.0,ST-006,LN-04,Northgate Retail,position
Corporate Loan,-315000.0,ST-006,LN-05,Meridian Chemicals,position
Interest Rate Swap,4500000.0,ST-006,IRS-01,Pay fixed 5Y (hedge),position
Interest Rate Swap,-5100000.0,ST-006,IRS-02,Receive fixed 10Y,position
FX Forward,-600000.0,ST-006,FX-01,Long EUR / short USD,position
FX Forward,-375000.0,ST-006,FX-02,Long JPY / short USD,position
Credit Default Swap,168750.0,ST-006,CDS-01,BA,position
Credit Default Swap,-450000.0,ST-006,CDS-02,CDX IG index,position
Corporate Bond,-14662500.0,ST-007,,,asset_class
Corporate Loan,-1268501.0,ST-007,,,asset_class
Credit Default Swap,-281250.0,ST-007,,,asset_class
Equity,-2012500.0,ST-007,,,asset_class
FX Forward,-975000.0,ST-007,,,asset_class
Government Bond,-24030000.0,ST-007,,,asset_class
Interest Rate Swap,-600000.0,ST-007,,,asset_class
Equity,-450000.0,ST-007,EQ-01,AAPL,position
Equity,-412500.0,ST-007,EQ-02,MSFT,position
Equity,-400000.0,ST-007,EQ-03,TSLA,position
Equity,-275000.0,ST-007,EQ-04,DIS,position
Equity,-280000.0,ST-007,EQ-05,BA,position
Equity,-195000.0,ST-007,EQ-06,NFLX,position
Corporate Bond,-2925000.0,ST-007,CB-01,AAPL,position
Corporate Bond,-3600000.0,ST-007,CB-02,MSFT,position
Corporate Bond,-2756250.0,ST-007,CB-03,DIS,position
Corporate Bond,-1856250.0,ST-007,CB-04,BA,position
Corporate Bond,-1687500.0,ST-007,CB-05,INTC,position
Corporate Bond,-1012500.0,ST-007,CB-06,PYPL,position
Corporate Bond,-825000.0,ST-007,CB-07,Meridian Chemicals,position
Government Bond,-2280000.0,ST-007,GB-01,US Treasury 2Y,position
Government Bond,-12750000.0,ST-007,GB-02,US Treasury 10Y,position
Government Bond,-9000000.0,ST-007,GB-03,US Treasury 30Y,position
Corporate Loan,-156750.0,ST-007,LN-01,BA,position
Corporate Loan,-126688.0,ST-007,LN-02,DIS,position
Corporate Loan,-226625.0,ST-007,LN-03,Harbor Freight Lines,position
Corporate Loan,-443438.0,ST-007,LN-04,Northgate Retail,position
Corporate Loan,-315000.0,ST-007,LN-05,Meridian Chemicals,position
Interest Rate Swap,4500000.0,ST-007,IRS-01,Pay fixed 5Y (hedge),position
Interest Rate Swap,-5100000.0,ST-007,IRS-02,Receive fixed 10Y,position
FX Forward,-600000.0,ST-007,FX-01,Long EUR / short USD,position
FX Forward,-375000.0,ST-007,FX-02,Long JPY / short USD,position
Credit Default Swap,168750.0,ST-007,CDS-01,BA,position
Credit Default Swap,-450000.0,ST-007,CDS-02,CDX IG index,position
Corporate Bond,-14662500.0,ST-008,,,asset_class
Corporate Loan,-1268501.0,ST-008,,,asset_class
Credit Default Swap,-281250.0,ST-008,,,asset_class
Equity,-2012500.0,ST-008,,,asset_class
FX Forward,-975000.0,ST-008,,,asset_class
Government Bond,-24030000.0,ST-008,,,asset_class
Interest Rate Swap,-600000.0,ST-008,,,asset_class
Equity,-450000.0,ST-008,EQ-01,AAPL,position
Equity,-412500.0,ST-008,EQ-02,MSFT,position
Equity,-400000.0,ST-008,EQ-03,TSLA,position
Equity,-275000.0,ST-008,EQ-04,DIS,position
Equity,-280000.0,ST-008,EQ-05,BA,position
Equity,-195000.0,ST-008,EQ-06,NFLX,position
Corporate Bond,-2925000.0,ST-008,CB-01,AAPL,position
Corporate Bond,-3600000.0,ST-008,CB-02,MSFT,position
Corporate Bond,-2756250.0,ST-008,CB-03,DIS,position
Corporate Bond,-1856250.0,ST-008,CB-04,BA,position
Corporate Bond,-1687500.0,ST-008,CB-05,INTC,position
Corporate Bond,-1012500.0,ST-008,CB-06,PYPL,position
Corporate Bond,-825000.0,ST-008,CB-07,Meridian Chemicals,position
Government Bond,-2280000.0,ST-008,GB-01,US Treasury 2Y,position
Government Bond,-12750000.0,ST-008,GB-02,US Treasury 10Y,position
Government Bond,-9000000.0,ST-008,GB-03,US Treasury 30Y,position
Corporate Loan,-156750.0,ST-008,LN-01,BA,position
Corporate Loan,-126688.0,ST-008,LN-02,DIS,position
Corporate Loan,-226625.0,ST-008,LN-03,Harbor Freight Lines,position
Corporate Loan,-443438.0,ST-008,LN-04,Northgate Retail,position
Corporate Loan,-315000.0,ST-008,LN-05,Meridian Chemicals,position
Interest Rate Swap,4500000.0,ST-008,IRS-01,Pay fixed 5Y (hedge),position
Interest Rate Swap,-5100000.0,ST-008,IRS-02,Receive fixed 10Y,position
FX Forward,-600000.0,ST-008,FX-01,Long EUR / short USD,position
FX Forward,-375000.0,ST-008,FX-02,Long JPY / short USD,position
Credit Default Swap,168750.0,ST-008,CDS-01,BA,position
Credit Default Swap,-450000.0,ST-008,CDS-02,CDX IG index,position
Corporate Bond,-14662500.0,ST-009,,,asset_class
Corporate Loan,-1268501.0,ST-009,,,asset_class
Credit Default Swap,-281250.0,ST-009,,,asset_class
Equity,-2012500.0,ST-009,,,asset_class
FX Forward,-975000.0,ST-009,,,asset_class
Government Bond,-24030000.0,ST-009,,,asset_class
Interest Rate Swap,-600000.0,ST-009,,,asset_class
Equity,-450000.0,ST-009,EQ-01,AAPL,position
Equity,-412500.0,ST-009,EQ-02,MSFT,position
Equity,-400000.0,ST-009,EQ-03,TSLA,position
Equity,-275000.0,ST-009,EQ-04,DIS,position
Equity,-280000.0,ST-009,EQ-05,BA,position
Equity,-195000.0,ST-009,EQ-06,NFLX,position
Corporate Bond,-2925000.0,ST-009,CB-01,AAPL,position
Corporate Bond,-3600000.0,ST-009,CB-02,MSFT,position
Corporate Bond,-2756250.0,ST-009,CB-03,DIS,position
Corporate Bond,-1856250.0,ST-009,CB-04,BA,position
Corporate Bond,-1687500.0,ST-009,CB-05,INTC,position
Corporate Bond,-1012500.0,ST-009,CB-06,PYPL,position
Corporate Bond,-825000.0,ST-009,CB-07,Meridian Chemicals,position
Government Bond,-2280000.0,ST-009,GB-01,US Treasury 2Y,position
Government Bond,-12750000.0,ST-009,GB-02,US Treasury 10Y,position
Government Bond,-9000000.0,ST-009,GB-03,US Treasury 30Y,position
Corporate Loan,-156750.0,ST-009,LN-01,BA,position
Corporate Loan,-126688.0,ST-009,LN-02,DIS,position
Corporate Loan,-226625.0,ST-009,LN-03,Harbor Freight Lines,position
Corporate Loan,-443438.0,ST-009,LN-04,Northgate Retail,position
Corporate Loan,-315000.0,ST-009,LN-05,Meridian Chemicals,position
Interest Rate Swap,4500000.0,ST-009,IRS-01,Pay fixed 5Y (hedge),position
Interest Rate Swap,-5100000.0,ST-009,IRS-02,Receive fixed 10Y,position
FX Forward,-600000.0,ST-009,FX-01,Long EUR / short USD,position
FX Forward,-375000.0,ST-009,FX-02,Long JPY / short USD,position
Credit Default Swap,168750.0,ST-009,CDS-01,BA,position
Credit Default Swap,-450000.0,ST-009,CDS-02,CDX IG index,position
Corporate Bond,-3900000.0,ST-010,,,asset_class
Corporate Loan,0.0,ST-010,,,asset_class
Credit Default Swap,0.0,ST-010,,,asset_class
Equity,-2700000.0,ST-010,,,asset_class
FX Forward,0.0,ST-010,,,asset_class
Government Bond,0.0,ST-010,,,asset_class
Interest Rate Swap,0.0,ST-010,,,asset_class
Equity,-2700000.0,ST-010,EQ-01,AAPL,position
Equity,0.0,ST-010,EQ-02,MSFT,position
Equity,0.0,ST-010,EQ-03,TSLA,position
Equity,0.0,ST-010,EQ-04,DIS,position
Equity,0.0,ST-010,EQ-05,BA,position
Equity,0.0,ST-010,EQ-06,NFLX,position
Corporate Bond,-3900000.0,ST-010,CB-01,AAPL,position
Corporate Bond,-0.0,ST-010,CB-02,MSFT,position
Corporate Bond,-0.0,ST-010,CB-03,DIS,position
Corporate Bond,-0.0,ST-010,CB-04,BA,position
Corporate Bond,-0.0,ST-010,CB-05,INTC,position
Corporate Bond,-0.0,ST-010,CB-06,PYPL,position
Corporate Bond,-0.0,ST-010,CB-07,Meridian Chemicals,position
Government Bond,-0.0,ST-010,GB-01,US Treasury 2Y,position
Government Bond,-0.0,ST-010,GB-02,US Treasury 10Y,position
Government Bond,-0.0,ST-010,GB-03,US Treasury 30Y,position
Corporate Loan,-0.0,ST-010,LN-01,BA,position
Corporate Loan,-0.0,ST-010,LN-02,DIS,position
Corporate Loan,-0.0,ST-010,LN-03,Harbor Freight Lines,position
Corporate Loan,-0.0,ST-010,LN-04,Northgate Retail,position
Corporate Loan,-0.0,ST-010,LN-05,Meridian Chemicals,position
Interest Rate Swap,0.0,ST-010,IRS-01,Pay fixed 5Y (hedge),position
Interest Rate Swap,-0.0,ST-010,IRS-02,Receive fixed 10Y,position
FX Forward,-0.0,ST-010,FX-01,Long EUR / short USD,position
FX Forward,-0.0,ST-010,FX-02,Long JPY / short USD,position
Credit Default Swap,0.0,ST-010,CDS-01,BA,position
Credit Default Swap,-0.0,ST-010,CDS-02,CDX IG index,position
Corporate Bond,0.0,ST-011,,,asset_class
Corporate Loan,0.0,ST-011,,,asset_class
Credit Default Swap,0.0,ST-011,,,asset_class
Equity,-3200000.0,ST-011,,,asset_class
FX Forward,0.0,ST-011,,,asset_class
Government Bond,0.0,ST-011,,,asset_class
Interest Rate Swap,0.0,ST-011,,,asset_class
Equity,0.0,ST-011,EQ-01,AAPL,position
Equity,0.0,ST-011,EQ-02,MSFT,position
Equity,-3200000.0,ST-011,EQ-03,TSLA,position
Equity,0.0,ST-011,EQ-04,DIS,position
Equity,0.0,ST-011,EQ-05,BA,position
Equity,0.0,ST-011,EQ-06,NFLX,position
Corporate Bond,-0.0,ST-011,CB-01,AAPL,position
Corporate Bond,-0.0,ST-011,CB-02,MSFT,position
Corporate Bond,-0.0,ST-011,CB-03,DIS,position
Corporate Bond,-0.0,ST-011,CB-04,BA,position
Corporate Bond,-0.0,ST-011,CB-05,INTC,position
Corporate Bond,-0.0,ST-011,CB-06,PYPL,position
Corporate Bond,-0.0,ST-011,CB-07,Meridian Chemicals,position
Government Bond,-0.0,ST-011,GB-01,US Treasury 2Y,position
Government Bond,-0.0,ST-011,GB-02,US Treasury 10Y,position
Government Bond,-0.0,ST-011,GB-03,US Treasury 30Y,position
Corporate Loan,-0.0,ST-011,LN-01,BA,position
Corporate Loan,-0.0,ST-011,LN-02,DIS,position
Corporate Loan,-0.0,ST-011,LN-03,Harbor Freight Lines,position
Corporate Loan,-0.0,ST-011,LN-04,Northgate Retail,position
Corporate Loan,-0.0,ST-011,LN-05,Meridian Chemicals,position
Interest Rate Swap,0.0,ST-011,IRS-01,Pay fixed 5Y (hedge),position
Interest Rate Swap,-0.0,ST-011,IRS-02,Receive fixed 10Y,position
FX Forward,-0.0,ST-011,FX-01,Long EUR / short USD,position
FX Forward,-0.0,ST-011,FX-02,Long JPY / short USD,position
Credit Default Swap,0.0,ST-011,CDS-01,BA,position
Credit Default Swap,-0.0,ST-011,CDS-02,CDX IG index,position
Corporate Bond,0.0,ST-012,,,asset_class
Corporate Loan,0.0,ST-012,,,asset_class
Credit Default Swap,0.0,ST-012,,,asset_class
Equity,-1170000.0,ST-012,,,asset_class
FX Forward,0.0,ST-012,,,asset_class
Government Bond,0.0,ST-012,,,asset_class
Interest Rate Swap,0.0,ST-012,,,asset_class
Equity,0.0,ST-012,EQ-01,AAPL,position
Equity,0.0,ST-012,EQ-02,MSFT,position
Equity,0.0,ST-012,EQ-03,TSLA,position
Equity,0.0,ST-012,EQ-04,DIS,position
Equity,0.0,ST-012,EQ-05,BA,position
Equity,-1170000.0,ST-012,EQ-06,NFLX,position
Corporate Bond,-0.0,ST-012,CB-01,AAPL,position
Corporate Bond,-0.0,ST-012,CB-02,MSFT,position
Corporate Bond,-0.0,ST-012,CB-03,DIS,position
Corporate Bond,-0.0,ST-012,CB-04,BA,position
Corporate Bond,-0.0,ST-012,CB-05,INTC,position
Corporate Bond,-0.0,ST-012,CB-06,PYPL,position
Corporate Bond,-0.0,ST-012,CB-07,Meridian Chemicals,position
Government Bond,-0.0,ST-012,GB-01,US Treasury 2Y,position
Government Bond,-0.0,ST-012,GB-02,US Treasury 10Y,position
Government Bond,-0.0,ST-012,GB-03,US Treasury 30Y,position
Corporate Loan,-0.0,ST-012,LN-01,BA,position
Corporate Loan,-0.0,ST-012,LN-02,DIS,position
Corporate Loan,-0.0,ST-012,LN-03,Harbor Freight Lines,position
Corporate Loan,-0.0,ST-012,LN-04,Northgate Retail,position
Corporate Loan,-0.0,ST-012,LN-05,Meridian Chemicals,position
Interest Rate Swap,0.0,ST-012,IRS-01,Pay fixed 5Y (hedge),position
Interest Rate Swap,-0.0,ST-012,IRS-02,Receive fixed 10Y,position
FX Forward,-0.0,ST-012,FX-01,Long EUR / short USD,position
FX Forward,-0.0,ST-012,FX-02,Long JPY / short USD,position
Credit Default Swap,0.0,ST-012,CDS-01,BA,position
Credit Default Swap,-0.0,ST-012,CDS-02,CDX IG index,position
Corporate Bond,-1350000.0,ST-013,,,asset_class
Corporate Loan,0.0,ST-013,,,asset_class
Credit Default Swap,0.0,ST-013,,,asset_class
Equity,0.0,ST-013,,,asset_class
FX Forward,0.0,ST-013,,,asset_class
Government Bond,0.0,ST-013,,,asset_class
Interest Rate Swap,0.0,ST-013,,,asset_class
Equity,0.0,ST-013,EQ-01,AAPL,position
Equity,0.0,ST-013,EQ-02,MSFT,position
Equity,0.0,ST-013,EQ-03,TSLA,position
Equity,0.0,ST-013,EQ-04,DIS,position
Equity,0.0,ST-013,EQ-05,BA,position
Equity,0.0,ST-013,EQ-06,NFLX,position
Corporate Bond,-0.0,ST-013,CB-01,AAPL,position
Corporate Bond,-0.0,ST-013,CB-02,MSFT,position
Corporate Bond,-0.0,ST-013,CB-03,DIS,position
Corporate Bond,-0.0,ST-013,CB-04,BA,position
Corporate Bond,-0.0,ST-013,CB-05,INTC,position
Corporate Bond,-1350000.0,ST-013,CB-06,PYPL,position
Corporate Bond,-0.0,ST-013,CB-07,Meridian Chemicals,position
Government Bond,-0.0,ST-013,GB-01,US Treasury 2Y,position
Government Bond,-0.0,ST-013,GB-02,US Treasury 10Y,position
Government Bond,-0.0,ST-013,GB-03,US Treasury 30Y,position
Corporate Loan,-0.0,ST-013,LN-01,BA,position
Corporate Loan,-0.0,ST-013,LN-02,DIS,position
Corporate Loan,-0.0,ST-013,LN-03,Harbor Freight Lines,position
Corporate Loan,-0.0,ST-013,LN-04,Northgate Retail,position
Corporate Loan,-0.0,ST-013,LN-05,Meridian Chemicals,position
Interest Rate Swap,0.0,ST-013,IRS-01,Pay fixed 5Y (hedge),position
Interest Rate Swap,-0.0,ST-013,IRS-02,Receive fixed 10Y,position
FX Forward,-0.0,ST-013,FX-01,Long EUR / short USD,position
FX Forward,-0.0,ST-013,FX-02,Long JPY / short USD,position
Credit Default Swap,0.0,ST-013,CDS-01,BA,position
Credit Default Swap,-0.0,ST-013,CDS-02,CDX IG index,position
Corporate Bond,-4200000.0,ST-014,,,asset_class
Corporate Loan,0.0,ST-014,,,asset_class
Credit Default Swap,0.0,ST-014,,,asset_class
Equity,-2165625.0,ST-014,,,asset_class
FX Forward,0.0,ST-014,,,asset_class
Government Bond,0.0,ST-014,,,asset_class
Interest Rate Swap,0.0,ST-014,,,asset_class
Equity,0.0,ST-014,EQ-01,AAPL,position
Equity,-2165625.0,ST-014,EQ-02,MSFT,position
Equity,0.0,ST-014,EQ-03,TSLA,position
Equity,0.0,ST-014,EQ-04,DIS,position
Equity,0.0,ST-014,EQ-05,BA,position
Equity,0.0,ST-014,EQ-06,NFLX,position
Corporate Bond,-0.0,ST-014,CB-01,AAPL,position
Corporate Bond,-4200000.0,ST-014,CB-02,MSFT,position
Corporate Bond,-0.0,ST-014,CB-03,DIS,position
Corporate Bond,-0.0,ST-014,CB-04,BA,position
Corporate Bond,-0.0,ST-014,CB-05,INTC,position
Corporate Bond,-0.0,ST-014,CB-06,PYPL,position
Corporate Bond,-0.0,ST-014,CB-07,Meridian Chemicals,position
Government Bond,-0.0,ST-014,GB-01,US Treasury 2Y,position
Government Bond,-0.0,ST-014,GB-02,US Treasury 10Y,position
Government Bond,-0.0,ST-014,GB-03,US Treasury 30Y,position
Corporate Loan,-0.0,ST-014,LN-01,BA,position
Corporate Loan,-0.0,ST-014,LN-02,DIS,position
Corporate Loan,-0.0,ST-014,LN-03,Harbor Freight Lines,position
Corporate Loan,-0.0,ST-014,LN-04,Northgate Retail,position
Corporate Loan,-0.0,ST-014,LN-05,Meridian Chemicals,position
Interest Rate Swap,0.0,ST-014,IRS-01,Pay fixed 5Y (hedge),position
Interest Rate Swap,-0.0,ST-014,IRS-02,Receive fixed 10Y,position
FX Forward,-0.0,ST-014,FX-01,Long EUR / short USD,position
FX Forward,-0.0,ST-014,FX-02,Long JPY / short USD,position
Credit Default Swap,0.0,ST-014,CDS-01,BA,position
Credit Default Swap,-0.0,ST-014,CDS-02,CDX IG index,position
Corporate Bond,-4331250.0,ST-015,,,asset_class
Corporate Loan,-3291750.0,ST-015,,,asset_class
Credit Default Swap,3543750.0,ST-015,,,asset_class
Equity,-1960000.0,ST-015,,,asset_class
FX Forward,0.0,ST-015,,,asset_class
Government Bond,0.0,ST-015,,,asset_class
Interest Rate Swap,0.0,ST-015,,,asset_class
Equity,0.0,ST-015,EQ-01,AAPL,position
Equity,0.0,ST-015,EQ-02,MSFT,position
Equity,0.0,ST-015,EQ-03,TSLA,position
Equity,0.0,ST-015,EQ-04,DIS,position
Equity,-1960000.0,ST-015,EQ-05,BA,position
Equity,0.0,ST-015,EQ-06,NFLX,position
Corporate Bond,-0.0,ST-015,CB-01,AAPL,position
Corporate Bond,-0.0,ST-015,CB-02,MSFT,position
Corporate Bond,-0.0,ST-015,CB-03,DIS,position
Corporate Bond,-4331250.0,ST-015,CB-04,BA,position
Corporate Bond,-0.0,ST-015,CB-05,INTC,position
Corporate Bond,-0.0,ST-015,CB-06,PYPL,position
Corporate Bond,-0.0,ST-015,CB-07,Meridian Chemicals,position
Government Bond,-0.0,ST-015,GB-01,US Treasury 2Y,position
Government Bond,-0.0,ST-015,GB-02,US Treasury 10Y,position
Government Bond,-0.0,ST-015,GB-03,US Treasury 30Y,position
Corporate Loan,-3291750.0,ST-015,LN-01,BA,position
Corporate Loan,-0.0,ST-015,LN-02,DIS,position
Corporate Loan,-0.0,ST-015,LN-03,Harbor Freight Lines,position
Corporate Loan,-0.0,ST-015,LN-04,Northgate Retail,position
Corporate Loan,-0.0,ST-015,LN-05,Meridian Chemicals,position
Interest Rate Swap,0.0,ST-015,IRS-01,Pay fixed 5Y (hedge),position
Interest Rate Swap,-0.0,ST-015,IRS-02,Receive fixed 10Y,position
FX Forward,-0.0,ST-015,FX-01,Long EUR / short USD,position
FX Forward,-0.0,ST-015,FX-02,Long JPY / short USD,position
Credit Default Swap,3543750.0,ST-015,CDS-01,BA,position
Credit Default Swap,-0.0,ST-015,CDS-02,CDX IG index,position
Corporate Bond,-12829689.0,ST-016,,,asset_class
Corporate Loan,-1109938.0,ST-016,,,asset_class
Credit Default Swap,-246094.0,ST-016,,,asset_class
Equity,-1760938.0,ST-016,,,asset_class
FX Forward,-853125.0,ST-016,,,asset_class
Government Bond,-21026250.0,ST-016,,,asset_class
Interest Rate Swap,-525000.0,ST-016,,,asset_class
Equity,-393750.0,ST-016,EQ-01,AAPL,position
Equity,-360938.0,ST-016,EQ-02,MSFT,position
Equity,-350000.0,ST-016,EQ-03,TSLA,position
Equity,-240625.0,ST-016,EQ-04,DIS,position
Equity,-245000.0,ST-016,EQ-05,BA,position
Equity,-170625.0,ST-016,EQ-06,NFLX,position
Corporate Bond,-2559375.0,ST-016,CB-01,AAPL,position
Corporate Bond,-3150000.0,ST-016,CB-02,MSFT,position
Corporate Bond,-2411719.0,ST-016,CB-03,DIS,position
Corporate Bond,-1624219.0,ST-016,CB-04,BA,position
Corporate Bond,-1476563.0,ST-016,CB-05,INTC,position
Corporate Bond,-885938.0,ST-016,CB-06,PYPL,position
Corporate Bond,-721875.0,ST-016,CB-07,Meridian Chemicals,position
Government Bond,-1995000.0,ST-016,GB-01,US Treasury 2Y,position
Government Bond,-11156250.0,ST-016,GB-02,US Treasury 10Y,position
Government Bond,-7875000.0,ST-016,GB-03,US Treasury 30Y,position
Corporate Loan,-137156.0,ST-016,LN-01,BA,position
Corporate Loan,-110852.0,ST-016,LN-02,DIS,position
Corporate Loan,-198297.0,ST-016,LN-03,Harbor Freight Lines,position
Corporate Loan,-388008.0,ST-016,LN-04,Northgate Retail,position
Corporate Loan,-275625.0,ST-016,LN-05,Meridian Chemicals,position
Interest Rate Swap,3937500.0,ST-016,IRS-01,Pay fixed 5Y (hedge),position
Interest Rate Swap,-4462500.0,ST-016,IRS-02,Receive fixed 10Y,position
FX Forward,-525000.0,ST-016,FX-01,Long EUR / short USD,position
FX Forward,-328125.0,ST-016,FX-02,Long JPY / short USD,position
Credit Default Swap,147656.0,ST-016,CDS-01,BA,position
Credit Default Swap,-393750.0,ST-016,CDS-02,CDX IG index,position
Corporate Bond,-12829689.0,ST-017,,,asset_class
Corporate Loan,-1109938.0,ST-017,,,asset_class
Credit Default Swap,-246094.0,ST-017,,,asset_class
Equity,-1760938.0,ST-017,,,asset_class
FX Forward,-853125.0,ST-017,,,asset_class
Government Bond,-21026250.0,ST-017,,,asset_class
Interest Rate Swap,-525000.0,ST-017,,,asset_class
Equity,-393750.0,ST-017,EQ-01,AAPL,position
Equity,-360938.0,ST-017,EQ-02,MSFT,position
Equity,-350000.0,ST-017,EQ-03,TSLA,position
Equity,-240625.0,ST-017,EQ-04,DIS,position
Equity,-245000.0,ST-017,EQ-05,BA,position
Equity,-170625.0,ST-017,EQ-06,NFLX,position
Corporate Bond,-2559375.0,ST-017,CB-01,AAPL,position
Corporate Bond,-3150000.0,ST-017,CB-02,MSFT,position
Corporate Bond,-2411719.0,ST-017,CB-03,DIS,position
Corporate Bond,-1624219.0,ST-017,CB-04,BA,position
Corporate Bond,-1476563.0,ST-017,CB-05,INTC,position
Corporate Bond,-885938.0,ST-017,CB-06,PYPL,position
Corporate Bond,-721875.0,ST-017,CB-07,Meridian Chemicals,position
Government Bond,-1995000.0,ST-017,GB-01,US Treasury 2Y,position
Government Bond,-11156250.0,ST-017,GB-02,US Treasury 10Y,position
Government Bond,-7875000.0,ST-017,GB-03,US Treasury 30Y,position
Corporate Loan,-137156.0,ST-017,LN-01,BA,position
Corporate Loan,-110852.0,ST-017,LN-02,DIS,position
Corporate Loan,-198297.0,ST-017,LN-03,Harbor Freight Lines,position
Corporate Loan,-388008.0,ST-017,LN-04,Northgate Retail,position
Corporate Loan,-275625.0,ST-017,LN-05,Meridian Chemicals,position
Interest Rate Swap,3937500.0,ST-017,IRS-01,Pay fixed 5Y (hedge),position
Interest Rate Swap,-4462500.0,ST-017,IRS-02,Receive fixed 10Y,position
FX Forward,-525000.0,ST-017,FX-01,Long EUR / short USD,position
FX Forward,-328125.0,ST-017,FX-02,Long JPY / short USD,position
Credit Default Swap,147656.0,ST-017,CDS-01,BA,position
Credit Default Swap,-393750.0,ST-017,CDS-02,CDX IG index,position
Corporate Bond,-12829689.0,ST-018,,,asset_class
Corporate Loan,-1109938.0,ST-018,,,asset_class
Credit Default Swap,-246094.0,ST-018,,,asset_class
Equity,-1760938.0,ST-018,,,asset_class
FX Forward,-853125.0,ST-018,,,asset_class
Government Bond,-21026250.0,ST-018,,,asset_class
Interest Rate Swap,-525000.0,ST-018,,,asset_class
Equity,-393750.0,ST-018,EQ-01,AAPL,position
Equity,-360938.0,ST-018,EQ-02,MSFT,position
Equity,-350000.0,ST-018,EQ-03,TSLA,position
Equity,-240625.0,ST-018,EQ-04,DIS,position
Equity,-245000.0,ST-018,EQ-05,BA,position
Equity,-170625.0,ST-018,EQ-06,NFLX,position
Corporate Bond,-2559375.0,ST-018,CB-01,AAPL,position
Corporate Bond,-3150000.0,ST-018,CB-02,MSFT,position
Corporate Bond,-2411719.0,ST-018,CB-03,DIS,position
Corporate Bond,-1624219.0,ST-018,CB-04,BA,position
Corporate Bond,-1476563.0,ST-018,CB-05,INTC,position
Corporate Bond,-885938.0,ST-018,CB-06,PYPL,position
Corporate Bond,-721875.0,ST-018,CB-07,Meridian Chemicals,position
Government Bond,-1995000.0,ST-018,GB-01,US Treasury 2Y,position
Government Bond,-11156250.0,ST-018,GB-02,US Treasury 10Y,position
Government Bond,-7875000.0,ST-018,GB-03,US Treasury 30Y,position
Corporate Loan,-137156.0,ST-018,LN-01,BA,position
Corporate Loan,-110852.0,ST-018,LN-02,DIS,position
Corporate Loan,-198297.0,ST-018,LN-03,Harbor Freight Lines,position
Corporate Loan,-388008.0,ST-018,LN-04,Northgate Retail,position
Corporate Loan,-275625.0,ST-018,LN-05,Meridian Chemicals,position
Interest Rate Swap,3937500.0,ST-018,IRS-01,Pay fixed 5Y (hedge),position
Interest Rate Swap,-4462500.0,ST-018,IRS-02,Receive fixed 10Y,position
FX Forward,-525000.0,ST-018,FX-01,Long EUR / short USD,position
FX Forward,-328125.0,ST-018,FX-02,Long JPY / short USD,position
Credit Default Swap,147656.0,ST-018,CDS-01,BA,position
Credit Default Swap,-393750.0,ST-018,CDS-02,CDX IG index,position
Corporate Bond,0.0,ST-019,,,asset_class
Corporate Loan,0.0,ST-019,,,asset_class
Credit Default Swap,0.0,ST-019,,,asset_class
Equity,-2800000.0,ST-019,,,asset_class
FX Forward,0.0,ST-019,,,asset_class
Government Bond,0.0,ST-019,,,asset_class
Interest Rate Swap,0.0,ST-019,,,asset_class
Equity,0.0,ST-019,EQ-01,AAPL,position
Equity,0.0,ST-019,EQ-02,MSFT,position
Equity,-2800000.0,ST-019,EQ-03,TSLA,position
Equity,0.0,ST-019,EQ-04,DIS,position
Equity,0.0,ST-019,EQ-05,BA,position
Equity,0.0,ST-019,EQ-06,NFLX,position
Corporate Bond,-0.0,ST-019,CB-01,AAPL,position
Corporate Bond,-0.0,ST-019,CB-02,MSFT,position
Corporate Bond,-0.0,ST-019,CB-03,DIS,position
Corporate Bond,-0.0,ST-019,CB-04,BA,position
Corporate Bond,-0.0,ST-019,CB-05,INTC,position
Corporate Bond,-0.0,ST-019,CB-06,PYPL,position
Corporate Bond,-0.0,ST-019,CB-07,Meridian Chemicals,position
Government Bond,-0.0,ST-019,GB-01,US Treasury 2Y,position
Government Bond,-0.0,ST-019,GB-02,US Treasury 10Y,position
Government Bond,-0.0,ST-019,GB-03,US Treasury 30Y,position
Corporate Loan,-0.0,ST-019,LN-01,BA,position
Corporate Loan,-0.0,ST-019,LN-02,DIS,position
Corporate Loan,-0.0,ST-019,LN-03,Harbor Freight Lines,position
Corporate Loan,-0.0,ST-019,LN-04,Northgate Retail,position
Corporate Loan,-0.0,ST-019,LN-05,Meridian Chemicals,position
Interest Rate Swap,0.0,ST-019,IRS-01,Pay fixed 5Y (hedge),position
Interest Rate Swap,-0.0,ST-019,IRS-02,Receive fixed 10Y,position
FX Forward,-0.0,ST-019,FX-01,Long EUR / short USD,position
FX Forward,-0.0,ST-019,FX-02,Long JPY / short USD,position
Credit Default Swap,0.0,ST-019,CDS-01,BA,position
Credit Default Swap,-0.0,ST-019,CDS-02,CDX IG index,position
Corporate Bond,-6825000.0,ST-020,,,asset_class
Corporate Loan,0.0,ST-020,,,asset_class
Credit Default Swap,0.0,ST-020,,,asset_class
Equity,-3150000.0,ST-020,,,asset_class
FX Forward,0.0,ST-020,,,asset_class
Government Bond,0.0,ST-020,,,asset_class
Interest Rate Swap,0.0,ST-020,,,asset_class
Equity,-3150000.0,ST-020,EQ-01,AAPL,position
Equity,0.0,ST-020,EQ-02,MSFT,position
Equity,0.0,ST-020,EQ-03,TSLA,position
Equity,0.0,ST-020,EQ-04,DIS,position
Equity,0.0,ST-020,EQ-05,BA,position
Equity,0.0,ST-020,EQ-06,NFLX,position
Corporate Bond,-6825000.0,ST-020,CB-01,AAPL,position
Corporate Bond,-0.0,ST-020,CB-02,MSFT,position
Corporate Bond,-0.0,ST-020,CB-03,DIS,position
Corporate Bond,-0.0,ST-020,CB-04,BA,position
Corporate Bond,-0.0,ST-020,CB-05,INTC,position
Corporate Bond,-0.0,ST-020,CB-06,PYPL,position
Corporate Bond,-0.0,ST-020,CB-07,Meridian Chemicals,position
Government Bond,-0.0,ST-020,GB-01,US Treasury 2Y,position
Government Bond,-0.0,ST-020,GB-02,US Treasury 10Y,position
Government Bond,-0.0,ST-020,GB-03,US Treasury 30Y,position
Corporate Loan,-0.0,ST-020,LN-01,BA,position
Corporate Loan,-0.0,ST-020,LN-02,DIS,position
Corporate Loan,-0.0,ST-020,LN-03,Harbor Freight Lines,position
Corporate Loan,-0.0,ST-020,LN-04,Northgate Retail,position
Corporate Loan,-0.0,ST-020,LN-05,Meridian Chemicals,position
Interest Rate Swap,0.0,ST-020,IRS-01,Pay fixed 5Y (hedge),position
Interest Rate Swap,-0.0,ST-020,IRS-02,Receive fixed 10Y,position
FX Forward,-0.0,ST-020,FX-01,Long EUR / short USD,position
FX Forward,-0.0,ST-020,FX-02,Long JPY / short USD,position
Credit Default Swap,0.0,ST-020,CDS-01,BA,position
Credit Default Swap,-0.0,ST-020,CDS-02,CDX IG index,position
Corporate Bond,-6825000.0,ST-021,,,asset_class
Corporate Loan,0.0,ST-021,,,asset_class
Credit Default Swap,0.0,ST-021,,,asset_class
Equity,-3150000.0,ST-021,,,asset_class
FX Forward,0.0,ST-021,,,asset_class
Government Bond,0.0,ST-021,,,asset_class
Interest Rate Swap,0.0,ST-021,,,asset_class
Equity,-3150000.0,ST-021,EQ-01,AAPL,position
Equity,0.0,ST-021,EQ-02,MSFT,position
Equity,0.0,ST-021,EQ-03,TSLA,position
Equity,0.0,ST-021,EQ-04,DIS,position
Equity,0.0,ST-021,EQ-05,BA,position
Equity,0.0,ST-021,EQ-06,NFLX,position
Corporate Bond,-6825000.0,ST-021,CB-01,AAPL,position
Corporate Bond,-0.0,ST-021,CB-02,MSFT,position
Corporate Bond,-0.0,ST-021,CB-03,DIS,position
Corporate Bond,-0.0,ST-021,CB-04,BA,position
Corporate Bond,-0.0,ST-021,CB-05,INTC,position
Corporate Bond,-0.0,ST-021,CB-06,PYPL,position
Corporate Bond,-0.0,ST-021,CB-07,Meridian Chemicals,position
Government Bond,-0.0,ST-021,GB-01,US Treasury 2Y,position
Government Bond,-0.0,ST-021,GB-02,US Treasury 10Y,position
Government Bond,-0.0,ST-021,GB-03,US Treasury 30Y,position
Corporate Loan,-0.0,ST-021,LN-01,BA,position
Corporate Loan,-0.0,ST-021,LN-02,DIS,position
Corporate Loan,-0.0,ST-021,LN-03,Harbor Freight Lines,position
Corporate Loan,-0.0,ST-021,LN-04,Northgate Retail,position
Corporate Loan,-0.0,ST-021,LN-05,Meridian Chemicals,position
Interest Rate Swap,0.0,ST-021,IRS-01,Pay fixed 5Y (hedge),position
Interest Rate Swap,-0.0,ST-021,IRS-02,Receive fixed 10Y,position
FX Forward,-0.0,ST-021,FX-01,Long EUR / short USD,position
FX Forward,-0.0,ST-021,FX-02,Long JPY / short USD,position
Credit Default Swap,0.0,ST-021,CDS-01,BA,position
Credit Default Swap,-0.0,ST-021,CDS-02,CDX IG index,position
Corporate Bond,-12829689.0,ST-022,,,asset_class
Corporate Loan,-1109938.0,ST-022,,,asset_class
Credit Default Swap,-246094.0,ST-022,,,asset_class
Equity,-1760938.0,ST-022,,,asset_class
FX Forward,-853125.0,ST-022,,,asset_class
Government Bond,-21026250.0,ST-022,,,asset_class
Interest Rate Swap,-525000.0,ST-022,,,asset_class
Equity,-393750.0,ST-022,EQ-01,AAPL,position
Equity,-360938.0,ST-022,EQ-02,MSFT,position
Equity,-350000.0,ST-022,EQ-03,TSLA,position
Equity,-240625.0,ST-022,EQ-04,DIS,position
Equity,-245000.0,ST-022,EQ-05,BA,position
Equity,-170625.0,ST-022,EQ-06,NFLX,position
Corporate Bond,-2559375.0,ST-022,CB-01,AAPL,position
Corporate Bond,-3150000.0,ST-022,CB-02,MSFT,position
Corporate Bond,-2411719.0,ST-022,CB-03,DIS,position
Corporate Bond,-1624219.0,ST-022,CB-04,BA,position
Corporate Bond,-1476563.0,ST-022,CB-05,INTC,position
Corporate Bond,-885938.0,ST-022,CB-06,PYPL,position
Corporate Bond,-721875.0,ST-022,CB-07,Meridian Chemicals,position
Government Bond,-1995000.0,ST-022,GB-01,US Treasury 2Y,position
Government Bond,-11156250.0,ST-022,GB-02,US Treasury 10Y,position
Government Bond,-7875000.0,ST-022,GB-03,US Treasury 30Y,position
Corporate Loan,-137156.0,ST-022,LN-01,BA,position
Corporate Loan,-110852.0,ST-022,LN-02,DIS,position
Corporate Loan,-198297.0,ST-022,LN-03,Harbor Freight Lines,position
Corporate Loan,-388008.0,ST-022,LN-04,Northgate Retail,position
Corporate Loan,-275625.0,ST-022,LN-05,Meridian Chemicals,position
Interest Rate Swap,3937500.0,ST-022,IRS-01,Pay fixed 5Y (hedge),position
Interest Rate Swap,-4462500.0,ST-022,IRS-02,Receive fixed 10Y,position
FX Forward,-525000.0,ST-022,FX-01,Long EUR / short USD,position
FX Forward,-328125.0,ST-022,FX-02,Long JPY / short USD,position
Credit Default Swap,147656.0,ST-022,CDS-01,BA,position
Credit Default Swap,-393750.0,ST-022,CDS-02,CDX IG index,position
Corporate Bond,0.0,ST-023,,,asset_class
Corporate Loan,0.0,ST-023,,,asset_class
Credit Default Swap,0.0,ST-023,,,asset_class
Equity,-2800000.0,ST-023,,,asset_class
FX Forward,0.0,ST-023,,,asset_class
Government Bond,0.0,ST-023,,,asset_class
Interest Rate Swap,0.0,ST-023,,,asset_class
Equity,0.0,ST-023,EQ-01,AAPL,position
Equity,0.0,ST-023,EQ-02,MSFT,position
Equity,-2800000.0,ST-023,EQ-03,TSLA,position
Equity,0.0,ST-023,EQ-04,DIS,position
Equity,0.0,ST-023,EQ-05,BA,position
Equity,0.0,ST-023,EQ-06,NFLX,position
Corporate Bond,-0.0,ST-023,CB-01,AAPL,position
Corporate Bond,-0.0,ST-023,CB-02,MSFT,position
Corporate Bond,-0.0,ST-023,CB-03,DIS,position
Corporate Bond,-0.0,ST-023,CB-04,BA,position
Corporate Bond,-0.0,ST-023,CB-05,INTC,position
Corporate Bond,-0.0,ST-023,CB-06,PYPL,position
Corporate Bond,-0.0,ST-023,CB-07,Meridian Chemicals,position
Government Bond,-0.0,ST-023,GB-01,US Treasury 2Y,position
Government Bond,-0.0,ST-023,GB-02,US Treasury 10Y,position
Government Bond,-0.0,ST-023,GB-03,US Treasury 30Y,position
Corporate Loan,-0.0,ST-023,LN-01,BA,position
Corporate Loan,-0.0,ST-023,LN-02,DIS,position
Corporate Loan,-0.0,ST-023,LN-03,Harbor Freight Lines,position
Corporate Loan,-0.0,ST-023,LN-04,Northgate Retail,position
Corporate Loan,-0.0,ST-023,LN-05,Meridian Chemicals,position
Interest Rate Swap,0.0,ST-023,IRS-01,Pay fixed 5Y (hedge),position
Interest Rate Swap,-0.0,ST-023,IRS-02,Receive fixed 10Y,position
FX Forward,-0.0,ST-023,FX-01,Long EUR / short USD,position
FX Forward,-0.0,ST-023,FX-02,Long JPY / short USD,position
Credit Default Swap,0.0,ST-023,CDS-01,BA,position
Credit Default Swap,-0.0,ST-023,CDS-02,CDX IG index,position
Corporate Bond,-3150000.0,ST-024,,,asset_class
Corporate Loan,-3023781.0,ST-024,,,asset_class
Credit Default Swap,-738281.0,ST-024,,,asset_class
Equity,-3521875.0,ST-024,,,asset_class
FX Forward,-1421875.0,ST-024,,,asset_class
Government Bond,2628281.0,ST-024,,,asset_class
Interest Rate Swap,65624.0,ST-024,,,asset_class
Equity,-787500.0,ST-024,EQ-01,AAPL,position
Equity,-721875.0,ST-024,EQ-02,MSFT,position
Equity,-700000.0,ST-024,EQ-03,TSLA,position
Equity,-481250.0,ST-024,EQ-04,DIS,position
Equity,-490000.0,ST-024,EQ-05,BA,position
Equity,-341250.0,ST-024,EQ-06,NFLX,position
Corporate Bond,-568750.0,ST-024,CB-01,AAPL,position
Corporate Bond,-700000.0,ST-024,CB-02,MSFT,position
Corporate Bond,-535938.0,ST-024,CB-03,DIS,position
Corporate Bond,-360937.0,ST-024,CB-04,BA,position
Corporate Bond,-328125.0,ST-024,CB-05,INTC,position
Corporate Bond,-196875.0,ST-024,CB-06,PYPL,position
Corporate Bond,-459375.0,ST-024,CB-07,Meridian Chemicals,position
Government Bond,249375.0,ST-024,GB-01,US Treasury 2Y,position
Government Bond,1394531.0,ST-024,GB-02,US Treasury 10Y,position
Government Bond,984375.0,ST-024,GB-03,US Treasury 30Y,position
Corporate Loan,-405562.0,ST-024,LN-01,BA,position
Corporate Loan,-331078.0,ST-024,LN-02,DIS,position
Corporate Loan,-588000.0,ST-024,LN-03,Harbor Freight Lines,position
Corporate Loan,-1016641.0,ST-024,LN-04,Northgate Retail,position
Corporate Loan,-682500.0,ST-024,LN-05,Meridian Chemicals,position
Interest Rate Swap,-492188.0,ST-024,IRS-01,Pay fixed 5Y (hedge),position
Interest Rate Swap,557812.0,ST-024,IRS-02,Receive fixed 10Y,position
FX Forward,-875000.0,ST-024,FX-01,Long EUR / short USD,position
FX Forward,-546875.0,ST-024,FX-02,Long JPY / short USD,position
Credit Default Swap,442969.0,ST-024,CDS-01,BA,position
Credit Default Swap,-1181250.0,ST-024,CDS-02,CDX IG index,position
Corporate Bond,-6825000.0,ST-025,,,asset_class
Corporate Loan,0.0,ST-025,,,asset_class
Credit Default Swap,0.0,ST-025,,,asset_class
Equity,-3150000.0,ST-025,,,asset_class
FX Forward,0.0,ST-025,,,asset_class
Government Bond,0.0,ST-025,,,asset_class
Interest Rate Swap,0.0,ST-025,,,asset_class
Equity,-3150000.0,ST-025,EQ-01,AAPL,position
Equity,0.0,ST-025,EQ-02,MSFT,position
Equity,0.0,ST-025,EQ-03,TSLA,position
Equity,0.0,ST-025,EQ-04,DIS,position
Equity,0.0,ST-025,EQ-05,BA,position
Equity,0.0,ST-025,EQ-06,NFLX,position
Corporate Bond,-6825000.0,ST-025,CB-01,AAPL,position
Corporate Bond,-0.0,ST-025,CB-02,MSFT,position
Corporate Bond,-0.0,ST-025,CB-03,DIS,position
Corporate Bond,-0.0,ST-025,CB-04,BA,position
Corporate Bond,-0.0,ST-025,CB-05,INTC,position
Corporate Bond,-0.0,ST-025,CB-06,PYPL,position
Corporate Bond,-0.0,ST-025,CB-07,Meridian Chemicals,position
Government Bond,-0.0,ST-025,GB-01,US Treasury 2Y,position
Government Bond,-0.0,ST-025,GB-02,US Treasury 10Y,position
Government Bond,-0.0,ST-025,GB-03,US Treasury 30Y,position
Corporate Loan,-0.0,ST-025,LN-01,BA,position
Corporate Loan,-0.0,ST-025,LN-02,DIS,position
Corporate Loan,-0.0,ST-025,LN-03,Harbor Freight Lines,position
Corporate Loan,-0.0,ST-025,LN-04,Northgate Retail,position
Corporate Loan,-0.0,ST-025,LN-05,Meridian Chemicals,position
Interest Rate Swap,0.0,ST-025,IRS-01,Pay fixed 5Y (hedge),position
Interest Rate Swap,-0.0,ST-025,IRS-02,Receive fixed 10Y,position
FX Forward,-0.0,ST-025,FX-01,Long EUR / short USD,position
FX Forward,-0.0,ST-025,FX-02,Long JPY / short USD,position
Credit Default Swap,0.0,ST-025,CDS-01,BA,position
Credit Default Swap,-0.0,ST-025,CDS-02,CDX IG index,position
Corporate Bond,0.0,ST-026,,,asset_class
Corporate Loan,0.0,ST-026,,,asset_class
Credit Default Swap,0.0,ST-026,,,asset_class
Equity,-1023750.0,ST-026,,,asset_class
FX Forward,0.0,ST-026,,,asset_class
Government Bond,0.0,ST-026,,,asset_class
Interest Rate Swap,0.0,ST-026,,,asset_class
Equity,0.0,ST-026,EQ-01,AAPL,position
Equity,0.0,ST-026,EQ-02,MSFT,position
Equity,0.0,ST-026,EQ-03,TSLA,position
Equity,0.0,ST-026,EQ-04,DIS,position
Equity,0.0,ST-026,EQ-05,BA,position
Equity,-1023750.0,ST-026,EQ-06,NFLX,position
Corporate Bond,-0.0,ST-026,CB-01,AAPL,position
Corporate Bond,-0.0,ST-026,CB-02,MSFT,position
Corporate Bond,-0.0,ST-026,CB-03,DIS,position
Corporate Bond,-0.0,ST-026,CB-04,BA,position
Corporate Bond,-0.0,ST-026,CB-05,INTC,position
Corporate Bond,-0.0,ST-026,CB-06,PYPL,position
Corporate Bond,-0.0,ST-026,CB-07,Meridian Chemicals,position
Government Bond,-0.0,ST-026,GB-01,US Treasury 2Y,position
Government Bond,-0.0,ST-026,GB-02,US Treasury 10Y,position
Government Bond,-0.0,ST-026,GB-03,US Treasury 30Y,position
Corporate Loan,-0.0,ST-026,LN-01,BA,position
Corporate Loan,-0.0,ST-026,LN-02,DIS,position
Corporate Loan,-0.0,ST-026,LN-03,Harbor Freight Lines,position
Corporate Loan,-0.0,ST-026,LN-04,Northgate Retail,position
Corporate Loan,-0.0,ST-026,LN-05,Meridian Chemicals,position
Interest Rate Swap,0.0,ST-026,IRS-01,Pay fixed 5Y (hedge),position
Interest Rate Swap,-0.0,ST-026,IRS-02,Receive fixed 10Y,position
FX Forward,-0.0,ST-026,FX-01,Long EUR / short USD,position
FX Forward,-0.0,ST-026,FX-02,Long JPY / short USD,position
Credit Default Swap,0.0,ST-026,CDS-01,BA,position
Credit Default Swap,-0.0,ST-026,CDS-02,CDX IG index,position
Corporate Bond,0.0,ST-027,,,asset_class
Corporate Loan,0.0,ST-027,,,asset_class
Credit Default Swap,0.0,ST-027,,,asset_class
Equity,-2800000.0,ST-027,,,asset_class
FX Forward,0.0,ST-027,,,asset_class
Government Bond,0.0,ST-027,,,asset_class
Interest Rate Swap,0.0,ST-027,,,asset_class
Equity,0.0,ST-027,EQ-01,AAPL,position
Equity,0.0,ST-027,EQ-02,MSFT,position
Equity,-2800000.0,ST-027,EQ-03,TSLA,position
Equity,0.0,ST-027,EQ-04,DIS,position
Equity,0.0,ST-027,EQ-05,BA,position
Equity,0.0,ST-027,EQ-06,NFLX,position
Corporate Bond,-0.0,ST-027,CB-01,AAPL,position
Corporate Bond,-0.0,ST-027,CB-02,MSFT,position
Corporate Bond,-0.0,ST-027,CB-03,DIS,position
Corporate Bond,-0.0,ST-027,CB-04,BA,position
Corporate Bond,-0.0,ST-027,CB-05,INTC,position
Corporate Bond,-0.0,ST-027,CB-06,PYPL,position
Corporate Bond,-0.0,ST-027,CB-07,Meridian Chemicals,position
Government Bond,-0.0,ST-027,GB-01,US Treasury 2Y,position
Government Bond,-0.0,ST-027,GB-02,US Treasury 10Y,position
Government Bond,-0.0,ST-027,GB-03,US Treasury 30Y,position
Corporate Loan,-0.0,ST-027,LN-01,BA,position
Corporate Loan,-0.0,ST-027,LN-02,DIS,position
Corporate Loan,-0.0,ST-027,LN-03,Harbor Freight Lines,position
Corporate Loan,-0.0,ST-027,LN-04,Northgate Retail,position
Corporate Loan,-0.0,ST-027,LN-05,Meridian Chemicals,position
Interest Rate Swap,0.0,ST-027,IRS-01,Pay fixed 5Y (hedge),position
Interest Rate Swap,-0.0,ST-027,IRS-02,Receive fixed 10Y,position
FX Forward,-0.0,ST-027,FX-01,Long EUR / short USD,position
FX Forward,-0.0,ST-027,FX-02,Long JPY / short USD,position
Credit Default Swap,0.0,ST-027,CDS-01,BA,position
Credit Default Swap,-0.0,ST-027,CDS-02,CDX IG index,position
Corporate Bond,0.0,ST-028,,,asset_class
Corporate Loan,0.0,ST-028,,,asset_class
Credit Default Swap,0.0,ST-028,,,asset_class
Equity,-2100000.0,ST-028,,,asset_class
FX Forward,0.0,ST-028,,,asset_class
Government Bond,0.0,ST-028,,,asset_class
Interest Rate Swap,0.0,ST-028,,,asset_class
Equity,0.0,ST-028,EQ-01,AAPL,position
Equity,0.0,ST-028,EQ-02,MSFT,position
Equity,-2100000.0,ST-028,EQ-03,TSLA,position
Equity,0.0,ST-028,EQ-04,DIS,position
Equity,0.0,ST-028,EQ-05,BA,position
Equity,0.0,ST-028,EQ-06,NFLX,position
Corporate Bond,-0.0,ST-028,CB-01,AAPL,position
Corporate Bond,-0.0,ST-028,CB-02,MSFT,position
Corporate Bond,-0.0,ST-028,CB-03,DIS,position
Corporate Bond,-0.0,ST-028,CB-04,BA,position
Corporate Bond,-0.0,ST-028,CB-05,INTC,position
Corporate Bond,-0.0,ST-028,CB-06,PYPL,position
Corporate Bond,-0.0,ST-028,CB-07,Meridian Chemicals,position
Government Bond,-0.0,ST-028,GB-01,US Treasury 2Y,position
Government Bond,-0.0,ST-028,GB-02,US Treasury 10Y,position
Government Bond,-0.0,ST-028,GB-03,US Treasury 30Y,position
Corporate Loan,-0.0,ST-028,LN-01,BA,position
Corporate Loan,-0.0,ST-028,LN-02,DIS,position
Corporate Loan,-0.0,ST-028,LN-03,Harbor Freight Lines,position
Corporate Loan,-0.0,ST-028,LN-04,Northgate Retail,position
Corporate Loan,-0.0,ST-028,LN-05,Meridian Chemicals,position
Interest Rate Swap,0.0,ST-028,IRS-01,Pay fixed 5Y (hedge),position
Interest Rate Swap,-0.0,ST-028,IRS-02,Receive fixed 10Y,position
FX Forward,-0.0,ST-028,FX-01,Long EUR / short USD,position
FX Forward,-0.0,ST-028,FX-02,Long JPY / short USD,position
Credit Default Swap,0.0,ST-028,CDS-01,BA,position
Credit Default Swap,-0.0,ST-028,CDS-02,CDX IG index,position
Corporate Bond,0.0,ST-029,,,asset_class
Corporate Loan,0.0,ST-029,,,asset_class
Credit Default Swap,0.0,ST-029,,,asset_class
Equity,-2800000.0,ST-029,,,asset_class
FX Forward,0.0,ST-029,,,asset_class
Government Bond,0.0,ST-029,,,asset_class
Interest Rate Swap,0.0,ST-029,,,asset_class
Equity,0.0,ST-029,EQ-01,AAPL,position
Equity,0.0,ST-029,EQ-02,MSFT,position
Equity,-2800000.0,ST-029,EQ-03,TSLA,position
Equity,0.0,ST-029,EQ-04,DIS,position
Equity,0.0,ST-029,EQ-05,BA,position
Equity,0.0,ST-029,EQ-06,NFLX,position
Corporate Bond,-0.0,ST-029,CB-01,AAPL,position
Corporate Bond,-0.0,ST-029,CB-02,MSFT,position
Corporate Bond,-0.0,ST-029,CB-03,DIS,position
Corporate Bond,-0.0,ST-029,CB-04,BA,position
Corporate Bond,-0.0,ST-029,CB-05,INTC,position
Corporate Bond,-0.0,ST-029,CB-06,PYPL,position
Corporate Bond,-0.0,ST-029,CB-07,Meridian Chemicals,position
Government Bond,-0.0,ST-029,GB-01,US Treasury 2Y,position
Government Bond,-0.0,ST-029,GB-02,US Treasury 10Y,position
Government Bond,-0.0,ST-029,GB-03,US Treasury 30Y,position
Corporate Loan,-0.0,ST-029,LN-01,BA,position
Corporate Loan,-0.0,ST-029,LN-02,DIS,position
Corporate Loan,-0.0,ST-029,LN-03,Harbor Freight Lines,position
Corporate Loan,-0.0,ST-029,LN-04,Northgate Retail,position
Corporate Loan,-0.0,ST-029,LN-05,Meridian Chemicals,position
Interest Rate Swap,0.0,ST-029,IRS-01,Pay fixed 5Y (hedge),position
Interest Rate Swap,-0.0,ST-029,IRS-02,Receive fixed 10Y,position
FX Forward,-0.0,ST-029,FX-01,Long EUR / short USD,position
FX Forward,-0.0,ST-029,FX-02,Long JPY / short USD,position
Credit Default Swap,0.0,ST-029,CDS-01,BA,position
Credit Default Swap,-0.0,ST-029,CDS-02,CDX IG index,position
Corporate Bond,0.0,ST-030,,,asset_class
Corporate Loan,0.0,ST-030,,,asset_class
Credit Default Swap,0.0,ST-030,,,asset_class
Equity,-2100000.0,ST-030,,,asset_class
FX Forward,0.0,ST-030,,,asset_class
Government Bond,0.0,ST-030,,,asset_class
Interest Rate Swap,0.0,ST-030,,,asset_class
Equity,0.0,ST-030,EQ-01,AAPL,position
Equity,0.0,ST-030,EQ-02,MSFT,position
Equity,-2100000.0,ST-030,EQ-03,TSLA,position
Equity,0.0,ST-030,EQ-04,DIS,position
Equity,0.0,ST-030,EQ-05,BA,position
Equity,0.0,ST-030,EQ-06,NFLX,position
Corporate Bond,-0.0,ST-030,CB-01,AAPL,position
Corporate Bond,-0.0,ST-030,CB-02,MSFT,position
Corporate Bond,-0.0,ST-030,CB-03,DIS,position
Corporate Bond,-0.0,ST-030,CB-04,BA,position
Corporate Bond,-0.0,ST-030,CB-05,INTC,position
Corporate Bond,-0.0,ST-030,CB-06,PYPL,position
Corporate Bond,-0.0,ST-030,CB-07,Meridian Chemicals,position
Government Bond,-0.0,ST-030,GB-01,US Treasury 2Y,position
Government Bond,-0.0,ST-030,GB-02,US Treasury 10Y,position
Government Bond,-0.0,ST-030,GB-03,US Treasury 30Y,position
Corporate Loan,-0.0,ST-030,LN-01,BA,position
Corporate Loan,-0.0,ST-030,LN-02,DIS,position
Corporate Loan,-0.0,ST-030,LN-03,Harbor Freight Lines,position
Corporate Loan,-0.0,ST-030,LN-04,Northgate Retail,position
Corporate Loan,-0.0,ST-030,LN-05,Meridian Chemicals,position
Interest Rate Swap,0.0,ST-030,IRS-01,Pay fixed 5Y (hedge),position
Interest Rate Swap,-0.0,ST-030,IRS-02,Receive fixed 10Y,position
FX Forward,-0.0,ST-030,FX-01,Long EUR / short USD,position
FX Forward,-0.0,ST-030,FX-02,Long JPY / short USD,position
Credit Default Swap,0.0,ST-030,CDS-01,BA,position
Credit Default Swap,-0.0,ST-030,CDS-02,CDX IG index,position
Corporate Bond,0.0,ST-031,,,asset_class
Corporate Loan,0.0,ST-031,,,asset_class
Credit Default Swap,0.0,ST-031,,,asset_class
Equity,-2800000.0,ST-031,,,asset_class
FX Forward,0.0,ST-031,,,asset_class
Government Bond,0.0,ST-031,,,asset_class
Interest Rate Swap,0.0,ST-031,,,asset_class
Equity,0.0,ST-031,EQ-01,AAPL,position
Equity,0.0,ST-031,EQ-02,MSFT,position
Equity,-2800000.0,ST-031,EQ-03,TSLA,position
Equity,0.0,ST-031,EQ-04,DIS,position
Equity,0.0,ST-031,EQ-05,BA,position
Equity,0.0,ST-031,EQ-06,NFLX,position
Corporate Bond,-0.0,ST-031,CB-01,AAPL,position
Corporate Bond,-0.0,ST-031,CB-02,MSFT,position
Corporate Bond,-0.0,ST-031,CB-03,DIS,position
Corporate Bond,-0.0,ST-031,CB-04,BA,position
Corporate Bond,-0.0,ST-031,CB-05,INTC,position
Corporate Bond,-0.0,ST-031,CB-06,PYPL,position
Corporate Bond,-0.0,ST-031,CB-07,Meridian Chemicals,position
Government Bond,-0.0,ST-031,GB-01,US Treasury 2Y,position
Government Bond,-0.0,ST-031,GB-02,US Treasury 10Y,position
Government Bond,-0.0,ST-031,GB-03,US Treasury 30Y,position
Corporate Loan,-0.0,ST-031,LN-01,BA,position
Corporate Loan,-0.0,ST-031,LN-02,DIS,position
Corporate Loan,-0.0,ST-031,LN-03,Harbor Freight Lines,position
Corporate Loan,-0.0,ST-031,LN-04,Northgate Retail,position
Corporate Loan,-0.0,ST-031,LN-05,Meridian Chemicals,position
Interest Rate Swap,0.0,ST-031,IRS-01,Pay fixed 5Y (hedge),position
Interest Rate Swap,-0.0,ST-031,IRS-02,Receive fixed 10Y,position
FX Forward,-0.0,ST-031,FX-01,Long EUR / short USD,position
FX Forward,-0.0,ST-031,FX-02,Long JPY / short USD,position
Credit Default Swap,0.0,ST-031,CDS-01,BA,position
Credit Default Swap,-0.0,ST-031,CDS-02,CDX IG index,position
Corporate Bond,0.0,ST-032,,,asset_class
Corporate Loan,0.0,ST-032,,,asset_class
Credit Default Swap,0.0,ST-032,,,asset_class
Equity,-1023750.0,ST-032,,,asset_class
FX Forward,0.0,ST-032,,,asset_class
Government Bond,0.0,ST-032,,,asset_class
Interest Rate Swap,0.0,ST-032,,,asset_class
Equity,0.0,ST-032,EQ-01,AAPL,position
Equity,0.0,ST-032,EQ-02,MSFT,position
Equity,0.0,ST-032,EQ-03,TSLA,position
Equity,0.0,ST-032,EQ-04,DIS,position
Equity,0.0,ST-032,EQ-05,BA,position
Equity,-1023750.0,ST-032,EQ-06,NFLX,position
Corporate Bond,-0.0,ST-032,CB-01,AAPL,position
Corporate Bond,-0.0,ST-032,CB-02,MSFT,position
Corporate Bond,-0.0,ST-032,CB-03,DIS,position
Corporate Bond,-0.0,ST-032,CB-04,BA,position
Corporate Bond,-0.0,ST-032,CB-05,INTC,position
Corporate Bond,-0.0,ST-032,CB-06,PYPL,position
Corporate Bond,-0.0,ST-032,CB-07,Meridian Chemicals,position
Government Bond,-0.0,ST-032,GB-01,US Treasury 2Y,position
Government Bond,-0.0,ST-032,GB-02,US Treasury 10Y,position
Government Bond,-0.0,ST-032,GB-03,US Treasury 30Y,position
Corporate Loan,-0.0,ST-032,LN-01,BA,position
Corporate Loan,-0.0,ST-032,LN-02,DIS,position
Corporate Loan,-0.0,ST-032,LN-03,Harbor Freight Lines,position
Corporate Loan,-0.0,ST-032,LN-04,Northgate Retail,position
Corporate Loan,-0.0,ST-032,LN-05,Meridian Chemicals,position
Interest Rate Swap,0.0,ST-032,IRS-01,Pay fixed 5Y (hedge),position
Interest Rate Swap,-0.0,ST-032,IRS-02,Receive fixed 10Y,position
FX Forward,-0.0,ST-032,FX-01,Long EUR / short USD,position
FX Forward,-0.0,ST-032,FX-02,Long JPY / short USD,position
Credit Default Swap,0.0,ST-032,CDS-01,BA,position
Credit Default Swap,-0.0,ST-032,CDS-02,CDX IG index,position
Corporate Bond,0.0,ST-033,,,asset_class
Corporate Loan,0.0,ST-033,,,asset_class
Credit Default Swap,0.0,ST-033,,,asset_class
Equity,-1023750.0,ST-033,,,asset_class
FX Forward,0.0,ST-033,,,asset_class
Government Bond,0.0,ST-033,,,asset_class
Interest Rate Swap,0.0,ST-033,,,asset_class
Equity,0.0,ST-033,EQ-01,AAPL,position
Equity,0.0,ST-033,EQ-02,MSFT,position
Equity,0.0,ST-033,EQ-03,TSLA,position
Equity,0.0,ST-033,EQ-04,DIS,position
Equity,0.0,ST-033,EQ-05,BA,position
Equity,-1023750.0,ST-033,EQ-06,NFLX,position
Corporate Bond,-0.0,ST-033,CB-01,AAPL,position
Corporate Bond,-0.0,ST-033,CB-02,MSFT,position
Corporate Bond,-0.0,ST-033,CB-03,DIS,position
Corporate Bond,-0.0,ST-033,CB-04,BA,position
Corporate Bond,-0.0,ST-033,CB-05,INTC,position
Corporate Bond,-0.0,ST-033,CB-06,PYPL,position
Corporate Bond,-0.0,ST-033,CB-07,Meridian Chemicals,position
Government Bond,-0.0,ST-033,GB-01,US Treasury 2Y,position
Government Bond,-0.0,ST-033,GB-02,US Treasury 10Y,position
Government Bond,-0.0,ST-033,GB-03,US Treasury 30Y,position
Corporate Loan,-0.0,ST-033,LN-01,BA,position
Corporate Loan,-0.0,ST-033,LN-02,DIS,position
Corporate Loan,-0.0,ST-033,LN-03,Harbor Freight Lines,position
Corporate Loan,-0.0,ST-033,LN-04,Northgate Retail,position
Corporate Loan,-0.0,ST-033,LN-05,Meridian Chemicals,position
Interest Rate Swap,0.0,ST-033,IRS-01,Pay fixed 5Y (hedge),position
Interest Rate Swap,-0.0,ST-033,IRS-02,Receive fixed 10Y,position
FX Forward,-0.0,ST-033,FX-01,Long EUR / short USD,position
FX Forward,-0.0,ST-033,FX-02,Long JPY / short USD,position
Credit Default Swap,0.0,ST-033,CDS-01,BA,position
Credit Default Swap,-0.0,ST-033,CDS-02,CDX IG index,position
Corporate Bond,-3150000.0,ST-034,,,asset_class
Corporate Loan,-3023781.0,ST-034,,,asset_class
Credit Default Swap,-738281.0,ST-034,,,asset_class
Equity,-3521875.0,ST-034,,,asset_class
FX Forward,-1421875.0,ST-034,,,asset_class
Government Bond,2628281.0,ST-034,,,asset_class
Interest Rate Swap,65624.0,ST-034,,,asset_class
Equity,-787500.0,ST-034,EQ-01,AAPL,position
Equity,-721875.0,ST-034,EQ-02,MSFT,position
Equity,-700000.0,ST-034,EQ-03,TSLA,position
Equity,-481250.0,ST-034,EQ-04,DIS,position
Equity,-490000.0,ST-034,EQ-05,BA,position
Equity,-341250.0,ST-034,EQ-06,NFLX,position
Corporate Bond,-568750.0,ST-034,CB-01,AAPL,position
Corporate Bond,-700000.0,ST-034,CB-02,MSFT,position
Corporate Bond,-535938.0,ST-034,CB-03,DIS,position
Corporate Bond,-360937.0,ST-034,CB-04,BA,position
Corporate Bond,-328125.0,ST-034,CB-05,INTC,position
Corporate Bond,-196875.0,ST-034,CB-06,PYPL,position
Corporate Bond,-459375.0,ST-034,CB-07,Meridian Chemicals,position
Government Bond,249375.0,ST-034,GB-01,US Treasury 2Y,position
Government Bond,1394531.0,ST-034,GB-02,US Treasury 10Y,position
Government Bond,984375.0,ST-034,GB-03,US Treasury 30Y,position
Corporate Loan,-405562.0,ST-034,LN-01,BA,position
Corporate Loan,-331078.0,ST-034,LN-02,DIS,position
Corporate Loan,-588000.0,ST-034,LN-03,Harbor Freight Lines,position
Corporate Loan,-1016641.0,ST-034,LN-04,Northgate Retail,position
Corporate Loan,-682500.0,ST-034,LN-05,Meridian Chemicals,position
Interest Rate Swap,-492188.0,ST-034,IRS-01,Pay fixed 5Y (hedge),position
Interest Rate Swap,557812.0,ST-034,IRS-02,Receive fixed 10Y,position
FX Forward,-875000.0,ST-034,FX-01,Long EUR / short USD,position
FX Forward,-546875.0,ST-034,FX-02,Long JPY / short USD,position
Credit Default Swap,442969.0,ST-034,CDS-01,BA,position
Credit Default Swap,-1181250.0,ST-034,CDS-02,CDX IG index,position
Corporate Bond,-12829689.0,ST-035,,,asset_class
Corporate Loan,-1109938.0,ST-035,,,asset_class
Credit Default Swap,-246094.0,ST-035,,,asset_class
Equity,-1760938.0,ST-035,,,asset_class
FX Forward,-853125.0,ST-035,,,asset_class
Government Bond,-21026250.0,ST-035,,,asset_class
Interest Rate Swap,-525000.0,ST-035,,,asset_class
Equity,-393750.0,ST-035,EQ-01,AAPL,position
Equity,-360938.0,ST-035,EQ-02,MSFT,position
Equity,-350000.0,ST-035,EQ-03,TSLA,position
Equity,-240625.0,ST-035,EQ-04,DIS,position
Equity,-245000.0,ST-035,EQ-05,BA,position
Equity,-170625.0,ST-035,EQ-06,NFLX,position
Corporate Bond,-2559375.0,ST-035,CB-01,AAPL,position
Corporate Bond,-3150000.0,ST-035,CB-02,MSFT,position
Corporate Bond,-2411719.0,ST-035,CB-03,DIS,position
Corporate Bond,-1624219.0,ST-035,CB-04,BA,position
Corporate Bond,-1476563.0,ST-035,CB-05,INTC,position
Corporate Bond,-885938.0,ST-035,CB-06,PYPL,position
Corporate Bond,-721875.0,ST-035,CB-07,Meridian Chemicals,position
Government Bond,-1995000.0,ST-035,GB-01,US Treasury 2Y,position
Government Bond,-11156250.0,ST-035,GB-02,US Treasury 10Y,position
Government Bond,-7875000.0,ST-035,GB-03,US Treasury 30Y,position
Corporate Loan,-137156.0,ST-035,LN-01,BA,position
Corporate Loan,-110852.0,ST-035,LN-02,DIS,position
Corporate Loan,-198297.0,ST-035,LN-03,Harbor Freight Lines,position
Corporate Loan,-388008.0,ST-035,LN-04,Northgate Retail,position
Corporate Loan,-275625.0,ST-035,LN-05,Meridian Chemicals,position
Interest Rate Swap,3937500.0,ST-035,IRS-01,Pay fixed 5Y (hedge),position
Interest Rate Swap,-4462500.0,ST-035,IRS-02,Receive fixed 10Y,position
FX Forward,-525000.0,ST-035,FX-01,Long EUR / short USD,position
FX Forward,-328125.0,ST-035,FX-02,Long JPY / short USD,position
Credit Default Swap,147656.0,ST-035,CDS-01,BA,position
Credit Default Swap,-393750.0,ST-035,CDS-02,CDX IG index,position
Corporate Bond,0.0,ST-036,,,asset_class
Corporate Loan,0.0,ST-036,,,asset_class
Credit Default Swap,0.0,ST-036,,,asset_class
Equity,-2100000.0,ST-036,,,asset_class
FX Forward,0.0,ST-036,,,asset_class
Government Bond,0.0,ST-036,,,asset_class
Interest Rate Swap,0.0,ST-036,,,asset_class
Equity,0.0,ST-036,EQ-01,AAPL,position
Equity,0.0,ST-036,EQ-02,MSFT,position
Equity,-2100000.0,ST-036,EQ-03,TSLA,position
Equity,0.0,ST-036,EQ-04,DIS,position
Equity,0.0,ST-036,EQ-05,BA,position
Equity,0.0,ST-036,EQ-06,NFLX,position
Corporate Bond,-0.0,ST-036,CB-01,AAPL,position
Corporate Bond,-0.0,ST-036,CB-02,MSFT,position
Corporate Bond,-0.0,ST-036,CB-03,DIS,position
Corporate Bond,-0.0,ST-036,CB-04,BA,position
Corporate Bond,-0.0,ST-036,CB-05,INTC,position
Corporate Bond,-0.0,ST-036,CB-06,PYPL,position
Corporate Bond,-0.0,ST-036,CB-07,Meridian Chemicals,position
Government Bond,-0.0,ST-036,GB-01,US Treasury 2Y,position
Government Bond,-0.0,ST-036,GB-02,US Treasury 10Y,position
Government Bond,-0.0,ST-036,GB-03,US Treasury 30Y,position
Corporate Loan,-0.0,ST-036,LN-01,BA,position
Corporate Loan,-0.0,ST-036,LN-02,DIS,position
Corporate Loan,-0.0,ST-036,LN-03,Harbor Freight Lines,position
Corporate Loan,-0.0,ST-036,LN-04,Northgate Retail,position
Corporate Loan,-0.0,ST-036,LN-05,Meridian Chemicals,position
Interest Rate Swap,0.0,ST-036,IRS-01,Pay fixed 5Y (hedge),position
Interest Rate Swap,-0.0,ST-036,IRS-02,Receive fixed 10Y,position
FX Forward,-0.0,ST-036,FX-01,Long EUR / short USD,position
FX Forward,-0.0,ST-036,FX-02,Long JPY / short USD,position
Credit Default Swap,0.0,ST-036,CDS-01,BA,position
Credit Default Swap,-0.0,ST-036,CDS-02,CDX IG index,position
Corporate Bond,-12829689.0,ST-037,,,asset_class
Corporate Loan,-1109938.0,ST-037,,,asset_class
Credit Default Swap,-246094.0,ST-037,,,asset_class
Equity,-1760938.0,ST-037,,,asset_class
FX Forward,-853125.0,ST-037,,,asset_class
Government Bond,-21026250.0,ST-037,,,asset_class
Interest Rate Swap,-525000.0,ST-037,,,asset_class
Equity,-393750.0,ST-037,EQ-01,AAPL,position
Equity,-360938.0,ST-037,EQ-02,MSFT,position
Equity,-350000.0,ST-037,EQ-03,TSLA,position
Equity,-240625.0,ST-037,EQ-04,DIS,position
Equity,-245000.0,ST-037,EQ-05,BA,position
Equity,-170625.0,ST-037,EQ-06,NFLX,position
Corporate Bond,-2559375.0,ST-037,CB-01,AAPL,position
Corporate Bond,-3150000.0,ST-037,CB-02,MSFT,position
Corporate Bond,-2411719.0,ST-037,CB-03,DIS,position
Corporate Bond,-1624219.0,ST-037,CB-04,BA,position
Corporate Bond,-1476563.0,ST-037,CB-05,INTC,position
Corporate Bond,-885938.0,ST-037,CB-06,PYPL,position
Corporate Bond,-721875.0,ST-037,CB-07,Meridian Chemicals,position
Government Bond,-1995000.0,ST-037,GB-01,US Treasury 2Y,position
Government Bond,-11156250.0,ST-037,GB-02,US Treasury 10Y,position
Government Bond,-7875000.0,ST-037,GB-03,US Treasury 30Y,position
Corporate Loan,-137156.0,ST-037,LN-01,BA,position
Corporate Loan,-110852.0,ST-037,LN-02,DIS,position
Corporate Loan,-198297.0,ST-037,LN-03,Harbor Freight Lines,position
Corporate Loan,-388008.0,ST-037,LN-04,Northgate Retail,position
Corporate Loan,-275625.0,ST-037,LN-05,Meridian Chemicals,position
Interest Rate Swap,3937500.0,ST-037,IRS-01,Pay fixed 5Y (hedge),position
Interest Rate Swap,-4462500.0,ST-037,IRS-02,Receive fixed 10Y,position
FX Forward,-525000.0,ST-037,FX-01,Long EUR / short USD,position
FX Forward,-328125.0,ST-037,FX-02,Long JPY / short USD,position
Credit Default Swap,147656.0,ST-037,CDS-01,BA,position
Credit Default Swap,-393750.0,ST-037,CDS-02,CDX IG index,position
Corporate Bond,0.0,ST-038,,,asset_class
Corporate Loan,0.0,ST-038,,,asset_class
Credit Default Swap,0.0,ST-038,,,asset_class
Equity,-2800000.0,ST-038,,,asset_class
FX Forward,0.0,ST-038,,,asset_class
Government Bond,0.0,ST-038,,,asset_class
Interest Rate Swap,0.0,ST-038,,,asset_class
Equity,0.0,ST-038,EQ-01,AAPL,position
Equity,0.0,ST-038,EQ-02,MSFT,position
Equity,-2800000.0,ST-038,EQ-03,TSLA,position
Equity,0.0,ST-038,EQ-04,DIS,position
Equity,0.0,ST-038,EQ-05,BA,position
Equity,0.0,ST-038,EQ-06,NFLX,position
Corporate Bond,-0.0,ST-038,CB-01,AAPL,position
Corporate Bond,-0.0,ST-038,CB-02,MSFT,position
Corporate Bond,-0.0,ST-038,CB-03,DIS,position
Corporate Bond,-0.0,ST-038,CB-04,BA,position
Corporate Bond,-0.0,ST-038,CB-05,INTC,position
Corporate Bond,-0.0,ST-038,CB-06,PYPL,position
Corporate Bond,-0.0,ST-038,CB-07,Meridian Chemicals,position
Government Bond,-0.0,ST-038,GB-01,US Treasury 2Y,position
Government Bond,-0.0,ST-038,GB-02,US Treasury 10Y,position
Government Bond,-0.0,ST-038,GB-03,US Treasury 30Y,position
Corporate Loan,-0.0,ST-038,LN-01,BA,position
Corporate Loan,-0.0,ST-038,LN-02,DIS,position
Corporate Loan,-0.0,ST-038,LN-03,Harbor Freight Lines,position
Corporate Loan,-0.0,ST-038,LN-04,Northgate Retail,position
Corporate Loan,-0.0,ST-038,LN-05,Meridian Chemicals,position
Interest Rate Swap,0.0,ST-038,IRS-01,Pay fixed 5Y (hedge),position
Interest Rate Swap,-0.0,ST-038,IRS-02,Receive fixed 10Y,position
FX Forward,-0.0,ST-038,FX-01,Long EUR / short USD,position
FX Forward,-0.0,ST-038,FX-02,Long JPY / short USD,position
Credit Default Swap,0.0,ST-038,CDS-01,BA,position
Credit Default Swap,-0.0,ST-038,CDS-02,CDX IG index,position
Corporate Bond,-3150000.0,ST-039,,,asset_class
Corporate Loan,-3023781.0,ST-039,,,asset_class
Credit Default Swap,-738281.0,ST-039,,,asset_class
Equity,-3521875.0,ST-039,,,asset_class
FX Forward,-1421875.0,ST-039,,,asset_class
Government Bond,2628281.0,ST-039,,,asset_class
Interest Rate Swap,65624.0,ST-039,,,asset_class
Equity,-787500.0,ST-039,EQ-01,AAPL,position
Equity,-721875.0,ST-039,EQ-02,MSFT,position
Equity,-700000.0,ST-039,EQ-03,TSLA,position
Equity,-481250.0,ST-039,EQ-04,DIS,position
Equity,-490000.0,ST-039,EQ-05,BA,position
Equity,-341250.0,ST-039,EQ-06,NFLX,position
Corporate Bond,-568750.0,ST-039,CB-01,AAPL,position
Corporate Bond,-700000.0,ST-039,CB-02,MSFT,position
Corporate Bond,-535938.0,ST-039,CB-03,DIS,position
Corporate Bond,-360937.0,ST-039,CB-04,BA,position
Corporate Bond,-328125.0,ST-039,CB-05,INTC,position
Corporate Bond,-196875.0,ST-039,CB-06,PYPL,position
Corporate Bond,-459375.0,ST-039,CB-07,Meridian Chemicals,position
Government Bond,249375.0,ST-039,GB-01,US Treasury 2Y,position
Government Bond,1394531.0,ST-039,GB-02,US Treasury 10Y,position
Government Bond,984375.0,ST-039,GB-03,US Treasury 30Y,position
Corporate Loan,-405562.0,ST-039,LN-01,BA,position
Corporate Loan,-331078.0,ST-039,LN-02,DIS,position
Corporate Loan,-588000.0,ST-039,LN-03,Harbor Freight Lines,position
Corporate Loan,-1016641.0,ST-039,LN-04,Northgate Retail,position
Corporate Loan,-682500.0,ST-039,LN-05,Meridian Chemicals,position
Interest Rate Swap,-492188.0,ST-039,IRS-01,Pay fixed 5Y (hedge),position
Interest Rate Swap,557812.0,ST-039,IRS-02,Receive fixed 10Y,position
FX Forward,-875000.0,ST-039,FX-01,Long EUR / short USD,position
FX Forward,-546875.0,ST-039,FX-02,Long JPY / short USD,position
Credit Default Swap,442969.0,ST-039,CDS-01,BA,position
Credit Default Swap,-1181250.0,ST-039,CDS-02,CDX IG index,position
