test_id,signal_date,scenario,story,trigger_ticker,event_type,impact,sentiment,source,headline,url,value_before,value_after,pnl,pnl_pct,worst_position,worst_position_pnl,n_signals
ST-007,2022-02-04,Market: Rate shock,"Rate shock: yields jump 2%, bond prices fall, stocks dip",AMZN,Macroeconomic,8,0.8911,tweets,"$AMZN CEO: “We saw higher costs driven by labor supply shortages and inflationary pressures, and these issues persisted into Q1 due to Omicron. Despite these short-term challenges, we continue to feel optimistic and excited about the business as we emerge from the pandemic.”",,862000000,818170249,-43829751,-0.05085,GB-02 Government Bond (US Treasury 10Y),-12750000,1
ST-008,2022-02-03,Market: Rate shock,"Rate shock: yields jump 2%, bond prices fall, stocks dip",META,Macroeconomic,8,-0.9691000000000001,tweets,$FB says inflation and supply chain disruptions are impacting advertiser budgets,,862000000,818170249,-43829751,-0.05085,GB-02 Government Bond (US Treasury 10Y),-12750000,1
ST-006,2022-04-20,Market: Rate shock,"Rate shock: yields jump 2%, bond prices fall, stocks dip",NFLX,Macroeconomic,8,-0.9737,tweets,People are ending their subscriptions services to cut out on essential spending. Stagflation is killing the consumer. Recession on the way! $NFLX,,862000000,818170249,-43829751,-0.05085,GB-02 Government Bond (US Treasury 10Y),-12750000,1
ST-009,2022-01-28,Market: Rate shock,"Rate shock: yields jump 2%, bond prices fall, stocks dip",AAPL,Macroeconomic,8,-0.9044000000000001,tweets,$AAPL CFO says they expect their growth rate to decelerate in Q1,,862000000,818170249,-43829751,-0.05085,GB-02 Government Bond (US Treasury 10Y),-12750000,1
ST-013,2022-08-05,Market: Rate shock,"Rate shock: yields jump 2%, bond prices fall, stocks dip",TSLA,Macroeconomic,7,-0.9742000000000001,tweets,ELON: “Most of the commodities that Tesla uses in our vehicles are heading down. My guess is that we are past peak inflation. We may have a very mild recession for ~18 months.” $TSLA,,862000000,823648966,-38351034,-0.04449,GB-02 Government Bond (US Treasury 10Y),-11156250,1
ST-014,2022-07-29,Market: Rate shock,"Rate shock: yields jump 2%, bond prices fall, stocks dip",AAPL,Macroeconomic,7,-0.9638000000000001,tweets,"Apple, $AAPL, CFO says wearables, accessories, home products seeing demand weakness due to economy.",,862000000,823648966,-38351034,-0.04449,GB-02 Government Bond (US Treasury 10Y),-11156250,1
ST-015,2022-07-21,Market: Rate shock,"Rate shock: yields jump 2%, bond prices fall, stocks dip",TSLA,Macroeconomic,7,0.9814,tweets,"$TSLA +3.5% to $768 pre-mkt. Equities mixed (SPX unch’d, NDX +0.2%) in front of first ECB rate increase in 11 years, Italy’s Draghi resigned as prime minister, and the flow of gas resumed to Europe through the Nord Stream pipeline. 10yrTY 3.040% +1.3bp, #btc -1.3% on TSLA news.",,862000000,823648966,-38351034,-0.04449,GB-02 Government Bond (US Treasury 10Y),-11156250,2
ST-019,2022-07-08,Market: Rate shock,"Rate shock: yields jump 2%, bond prices fall, stocks dip",COST,Macroeconomic,7,0.9793000000000001,tweets,Costco $COST today reported June sales of $22.78B up 20.4% YoY from $18.92B in June 2021,,862000000,823648966,-38351034,-0.04449,GB-02 Government Bond (US Treasury 10Y),-11156250,2
ST-023,2022-04-21,Market: Rate shock,"Rate shock: yields jump 2%, bond prices fall, stocks dip",TSLA,Macroeconomic,7,0.5863,tweets,"Fed saying inflation ""exceptionally high"" $TSLA",,862000000,823648966,-38351034,-0.04449,GB-02 Government Bond (US Treasury 10Y),-11156250,1
ST-029,2021-11-02,Market: Rate shock,"Rate shock: yields jump 2%, bond prices fall, stocks dip",TSLA,Macroeconomic,7,0.9832000000000001,tweets,"Retweeting. China BEV adoption continues to soar, to 17.5% in Sept 2021 up from &lt;5% in 2020. $TSLA Sept 2021 China BEV share jumped to 18.9%, up from 12.4% in Sept 2020, and it’s highest since Mar 2021, when it hit 19.1%. Source: EV-volumes",,862000000,823648966,-38351034,-0.04449,GB-02 Government Bond (US Treasury 10Y),-11156250,1
ST-016,2022-07-21,Market: Commodity shock,"Commodity spike: inflation fears push yields up 1%, stocks fall",TSLA,Macroeconomic,7,0.9318000000000001,tweets,"I’d say $TSLA has been passed the ultimate stress-test w/ force majeures + severe macro drawdown faced. Demand still at record levels, new factories scaling, margins still healthy— a recession would just accelerate the transition to EVs by displacing ICE demand w/ high gas prices",,862000000,840728923,-21271077,-0.02468,GB-02 Government Bond (US Treasury 10Y),-5578125,1
ST-003,2022-04-22,Issuer: DIS (Credit Event),"Company credit shock: its bonds and loans reprice, default risk 4x",DIS,Credit Event,9,-0.8201,tweets,Florida taxpayers facing $1B $DIS debt bomb if special district status is reversed,,862000000,847835688,-14164312,-0.01643,CB-03 Corporate Bond (DIS),-8268750,1
ST-004,2022-07-19,Issuer: AAPL (Legal/Regulatory),"Company credit shock: its bonds and loans reprice, default risk 4x",AAPL,Legal/Regulatory,8,-0.9732000000000001,tweets,"*APPLE SUED OVER APPLE PAY, ACCUSED OF ANTITRUST VIOLATIONS $AAPL",,862000000,850600000,-11400000,-0.01323,CB-01 Corporate Bond (AAPL),-7800000,1
ST-020,2022-04-28,Issuer: AAPL (Legal/Regulatory),"Company credit shock: its bonds and loans reprice, default risk 4x",AAPL,Legal/Regulatory,7,-0.9507000000000001,tweets,$AAPL facing new antitrust charges in EU over Apple Pay,,862000000,852025000,-9975000,-0.01157,CB-01 Corporate Bond (AAPL),-6825000,1
ST-018,2022-07-18,Issuer: AAPL (Legal/Regulatory),"Company credit shock: its bonds and loans reprice, default risk 4x",AAPL,Legal/Regulatory,7,-0.9707,tweets,"Apple, $AAPL, sued over Apple pay, accused of anti-trust violations.",,862000000,852025000,-9975000,-0.01157,CB-01 Corporate Bond (AAPL),-6825000,1
ST-027,2022-02-02,Market: Geopolitical,"Risk-off: stocks fall, investors flee to safe government bonds, USD rises",PYPL,Geopolitical,7,0.9337000000000001,tweets,$PYPL had everything of a kitchen sink quarter to reset analyst expectations. Ebay effect will be gone by June 2022. They guided 50%+ for Venmo. This might get a Bill Ackman type vote of confidence soon and the narrative could change drastically. 🩸🩸,,862000000,852838093,-9161907,-0.01063,CDS-02 Credit Default Swap (CDX IG index),-1181250,1
ST-005,2022-04-29,Issuer: AAPL (Earnings),Company-specific bad news: its stock and debt reprice,AAPL,Earnings,8,-0.872,tweets,"If your company reported poor earnings, and you want to excuse it by saying “people must be tightening their budgets” please take a look at $AAPL earnings report.",,862000000,855400000,-6600000,-0.00766,CB-01 Corporate Bond (AAPL),-3900000,2
ST-001,2022-07-20,Market: Currency shock,"Dollar surge: USD +8%, foreign-currency positions and multinational earnings hit",NFLX,Macroeconomic,9,0.9747,tweets,"Netflix, $NFLX: The US dollar continues to strengthen meaningfully against most currencies at a historic pace, a significant headwind for all multinational US companies. We have high exposure to this unprecedented appreciation in the USD.",,862000000,856290737,-5709263,-0.00662,FX-01 FX Forward (Long EUR / short USD),-1800000,2
ST-030,2021-10-25,Issuer: TSLA (Legal/Regulatory),"Company credit shock: its bonds and loans reprice, default risk 4x",TSLA,Legal/Regulatory,7,-0.9519000000000001,tweets,*U.S. INVESTIGATORS SAY TESLA DIDN'T RESPOND TO RECOMMENDATIONS $TSLA,,862000000,859200000,-2800000,-0.00325,EQ-03 Equity (TSLA),-2800000,1
ST-012,2022-08-25,Issuer: TSLA (Credit Event),"Company credit shock: its bonds and loans reprice, default risk 4x",TSLA,Credit Event,7,-0.9481,tweets,"(Reuters) - U.S. consumers are responding to surging prices for new cars and trucks by going deeper into debt, pushing the average new vehicle loan to a record-high $40,290 during the second quarter, credit monitoring company Experian said Thursday. $F $TSLA $GM",,862000000,859200000,-2800000,-0.00325,EQ-03 Equity (TSLA),-2800000,1
ST-031,2021-10-21,Issuer: TSLA (Earnings),Company-specific bad news: its stock and debt reprice,TSLA,Earnings,7,-0.8554,tweets,wow @elonmusk not on the $TSLA earnings call. end of an era 😢,,862000000,859900000,-2100000,-0.00244,EQ-03 Equity (TSLA),-2100000,1
ST-024,2022-04-21,Issuer: TSLA (Earnings),Company-specific bad news: its stock and debt reprice,TSLA,Earnings,7,-0.9778,tweets,$TSLA earnings call: Shanghai factory lost one month of build volume.,,862000000,859900000,-2100000,-0.00244,EQ-03 Equity (TSLA),-2100000,1
ST-022,2022-04-26,Issuer: TSLA (Earnings),Company-specific bad news: its stock and debt reprice,TSLA,Earnings,7,-0.9636,tweets,$TSLA earnings now meaningless. Sad.,,862000000,859900000,-2100000,-0.00244,EQ-03 Equity (TSLA),-2100000,1
ST-017,2022-07-21,Issuer: TSLA (Earnings),Company-specific bad news: its stock and debt reprice,TSLA,Earnings,7,-0.8184,tweets,In the official cash flow statements &amp; earnings. Earnings were partially pushed further upwards from $TSLA due to the earnings from #Bitcoin. This means that their cash flow were probably going to be negative without the earnings on $BTC.,,862000000,859900000,-2100000,-0.00244,EQ-03 Equity (TSLA),-2100000,1
ST-028,2022-01-27,Issuer: TSLA (Earnings),Company-specific bad news: its stock and debt reprice,TSLA,Earnings,7,-0.9785,tweets,$TSLA now down 13% from earnings call.,,862000000,859900000,-2100000,-0.00244,EQ-03 Equity (TSLA),-2100000,1
ST-011,2021-10-25,Issuer: PYPL (Merger/Acquisition),Company-specific bad news: its stock and debt reprice,PYPL,Merger/Acquisition,8,-0.9679000000000001,tweets,Paypal NOT acquiring Pinterest - $PYPL dodged a bullet! $PINS is in trouble.,,862000000,860650000,-1350000,-0.00157,CB-06 Corporate Bond (PYPL),-1350000,1
ST-002,2022-07-20,Issuer: NFLX (Earnings),Company-specific bad news: its stock and debt reprice,NFLX,Earnings,9,-0.977,tweets,"$NFLX earnings: Lost 970,000 subs.",,862000000,860683750,-1316250,-0.00153,EQ-06 Equity (NFLX),-1316250,1
ST-010,2022-01-21,Issuer: NFLX (Earnings),Company-specific bad news: its stock and debt reprice,NFLX,Earnings,8,-0.9765,tweets,$NFLX lost about a fifth of its value between today's market action and the after hours reaction to earnings. Not a great prelude to tech earnings season at all.,,862000000,860830000,-1170000,-0.00136,EQ-06 Equity (NFLX),-1170000,3
ST-021,2022-04-27,Issuer: NFLX (Earnings),Company-specific bad news: its stock and debt reprice,NFLX,Earnings,7,-0.9783000000000001,tweets,*NETFLIX SINKS TO LOWEST SINCE 2017 AS EARNINGS SELLOFF CONTINUES $NFLX,,862000000,860976250,-1023750,-0.00119,EQ-06 Equity (NFLX),-1023750,1
ST-026,2022-04-20,Issuer: NFLX (Earnings),Company-specific bad news: its stock and debt reprice,NFLX,Earnings,7,-0.9758,tweets,"This earnings marks the first time Netflix, $NFLX, lost subscribers in over a decade.",,862000000,860976250,-1023750,-0.00119,EQ-06 Equity (NFLX),-1023750,1
ST-025,2022-04-20,Issuer: NFLX (Analyst Rating),Company-specific bad news: its stock and debt reprice,NFLX,Analyst Rating,7,-0.912,tweets,"$MOS downgraded today - they must be desperate to buy stock. Analyst ratings leave a lot to be desired. When I was long $NFLX in 2010 there were weekly downgrades as it ripped higher. Yesterday pre-drop, there were mostly $NFLX buys.",,862000000,860976250,-1023750,-0.00119,EQ-06 Equity (NFLX),-1023750,4
